ref_area,source,indicator,type,year,value
ABW,AA:22,EAR_4MTH_SEX_ECO_CUR_NB,ECO_AGGREGATE_TOTAL,2010,1843.51
AGO,BB:13366,EAR_4MTH_SEX_ECO_CUR_NB,ECO_AGGREGATE_TOTAL,2011,749.17
ALB,FA:13364,EAR_4MTH_SEX_ECO_CUR_NB,ECO_AGGREGATE_TOTAL,2015,891.56
ALB,FA:13364,EAR_4MTH_SEX_ECO_CUR_NB,ECO_AGGREGATE_TOTAL,2016,883.98
ARE,BA:716,EAR_4MTH_SEX_ECO_CUR_NB,ECO_AGGREGATE_TOTAL,2009,2660.36
ARG,BA:150,EAR_4MTH_SEX_ECO_CUR_NB,ECO_AGGREGATE_TOTAL,2011,1138.38
ARM,DA:177,EAR_4MTH_SEX_ECO_CUR_NB,ECO_AGGREGATE_TOTAL,1993,9911.09
ARM,DA:177,EAR_4MTH_SEX_ECO_CUR_NB,ECO_AGGREGATE_TOTAL,1994,42.04
ARM,DA:177,EAR_4MTH_SEX_ECO_CUR_NB,ECO_AGGREGATE_TOTAL,1995,63.25
ARM,DA:177,EAR_4MTH_SEX_ECO_CUR_NB,ECO_AGGREGATE_TOTAL,1996,73.58
ARM,DA:177,EAR_4MTH_SEX_ECO_CUR_NB,ECO_AGGREGATE_TOTAL,1997,94.77
ARM,DA:177,EAR_4MTH_SEX_ECO_CUR_NB,ECO_AGGREGATE_TOTAL,1998,117.37
ARM,DA:177,EAR_4MTH_SEX_ECO_CUR_NB,ECO_AGGREGATE_TOTAL,1999,133.45
ARM,DA:177,EAR_4MTH_SEX_ECO_CUR_NB,ECO_AGGREGATE_TOTAL,2000,156.64
ARM,DA:177,EAR_4MTH_SEX_ECO_CUR_NB,ECO_AGGREGATE_TOTAL,2001,168.38
ARM,DA:177,EAR_4MTH_SEX_ECO_CUR_NB,ECO_AGGREGATE_TOTAL,2002,188.89
ARM,DA:177,EAR_4MTH_SEX_ECO_CUR_NB,ECO_AGGREGATE_TOTAL,2003,234.83
ARM,DA:177,EAR_4MTH_SEX_ECO_CUR_NB,ECO_AGGREGATE_TOTAL,2004,281.56
ARM,DA:177,EAR_4MTH_SEX_ECO_CUR_NB,ECO_AGGREGATE_TOTAL,2005,346.63
ARM,DA:177,EAR_4MTH_SEX_ECO_CUR_NB,ECO_AGGREGATE_TOTAL,2006,416.11
ARM,DA:177,EAR_4MTH_SEX_ECO_CUR_NB,ECO_AGGREGATE_TOTAL,2007,488.44
ARM,DA:177,EAR_4MTH_SEX_ECO_CUR_NB,ECO_AGGREGATE_TOTAL,2008,548.18
ARM,DA:177,EAR_4MTH_SEX_ECO_CUR_NB,ECO_AGGREGATE_TOTAL,2009,580.29
ARM,DA:177,EAR_4MTH_SEX_ECO_CUR_NB,ECO_AGGREGATE_TOTAL,2010,582.89
ARM,DA:177,EAR_4MTH_SEX_ECO_CUR_NB,ECO_AGGREGATE_TOTAL,2011,588.16
ARM,DA:177,EAR_4MTH_SEX_ECO_CUR_NB,ECO_AGGREGATE_TOTAL,2012,612.82
ARM,DA:177,EAR_4MTH_SEX_ECO_CUR_NB,ECO_AGGREGATE_TOTAL,2013,761.04
ARM,DA:177,EAR_4MTH_SEX_ECO_CUR_NB,ECO_AGGREGATE_TOTAL,2014,812.79
ARM,DA:177 (linked),EAR_4MTH_SEX_ECO_CUR_NB,ECO_AGGREGATE_TOTAL,2015,806.76
ARM,DA:177 (linked),EAR_4MTH_SEX_ECO_CUR_NB,ECO_AGGREGATE_TOTAL,2016,826.56
AUT,FA:883,EAR_4MTH_SEX_ECO_CUR_NB,ECO_AGGREGATE_TOTAL,2000,2323.11
AUT,FA:883,EAR_4MTH_SEX_ECO_CUR_NB,ECO_AGGREGATE_TOTAL,2001,2434.76
AUT,FA:883,EAR_4MTH_SEX_ECO_CUR_NB,ECO_AGGREGATE_TOTAL,2002,2483.86
AUT,FA:883,EAR_4MTH_SEX_ECO_CUR_NB,ECO_AGGREGATE_TOTAL,2003,2561.38
AUT,FX:272,EAR_4MTH_SEX_ECO_CUR_NB,ECO_AGGREGATE_TOTAL,2009,2758.21
AUT,FX:272,EAR_4MTH_SEX_ECO_CUR_NB,ECO_AGGREGATE_TOTAL,2010,2792.23
AUT,FX:272,EAR_4MTH_SEX_ECO_CUR_NB,ECO_AGGREGATE_TOTAL,2011,2841.89
AUT,FX:272,EAR_4MTH_SEX_ECO_CUR_NB,ECO_AGGREGATE_TOTAL,2012,2894.41
AUT,FX:272,EAR_4MTH_SEX_ECO_CUR_NB,ECO_AGGREGATE_TOTAL,2013,2972.53
AUT,FX:272,EAR_4MTH_SEX_ECO_CUR_NB,ECO_AGGREGATE_TOTAL,2014,3021.54
AUT,FX:272,EAR_4MTH_SEX_ECO_CUR_NB,ECO_AGGREGATE_TOTAL,2015,3055.99
AUT,FX:272,EAR_4MTH_SEX_ECO_CUR_NB,ECO_AGGREGATE_TOTAL,2016,3130.84
AZE,DA:126,EAR_4MTH_SEX_ECO_CUR_NB,ECO_AGGREGATE_TOTAL,2005,575.58
AZE,DA:126,EAR_4MTH_SEX_ECO_CUR_NB,ECO_AGGREGATE_TOTAL,2006,661.18
AZE,DA:126,EAR_4MTH_SEX_ECO_CUR_NB,ECO_AGGREGATE_TOTAL,2007,844.25
AZE,DA:126,EAR_4MTH_SEX_ECO_CUR_NB,ECO_AGGREGATE_TOTAL,2008,922.5
AZE,DA:126,EAR_4MTH_SEX_ECO_CUR_NB,ECO_AGGREGATE_TOTAL,2009,983.88
AZE,DA:126,EAR_4MTH_SEX_ECO_CUR_NB,ECO_AGGREGATE_TOTAL,2010,1052.12
AZE,DA:126,EAR_4MTH_SEX_ECO_CUR_NB,ECO_AGGREGATE_TOTAL,2011,1105.58
AZE,DA:126,EAR_4MTH_SEX_ECO_CUR_NB,ECO_AGGREGATE_TOTAL,2012,1221.38
AZE,DA:126,EAR_4MTH_SEX_ECO_CUR_NB,ECO_AGGREGATE_TOTAL,2013,1291.1
AZE,DA:126,EAR_4MTH_SEX_ECO_CUR_NB,ECO_AGGREGATE_TOTAL,2014,1353.12
AZE,DA:126,EAR_4MTH_SEX_ECO_CUR_NB,ECO_AGGREGATE_TOTAL,2015,1368.14
AZE,DA:126,EAR_4MTH_SEX_ECO_CUR_NB,ECO_AGGREGATE_TOTAL,2016,1318.83
BDI,BB:7040,EAR_4MTH_SEX_ECO_CUR_NB,ECO_AGGREGATE_TOTAL,2014,103.84
BEL,DA:277,EAR_4MTH_SEX_ECO_CUR_NB,ECO_AGGREGATE_TOTAL,2009,3096.35
BEL,DA:277,EAR_4MTH_SEX_ECO_CUR_NB,ECO_AGGREGATE_TOTAL,2011,3279.15
BEL,DA:277,EAR_4MTH_SEX_ECO_CUR_NB,ECO_AGGREGATE_TOTAL,2013,3415.86
BEL,DA:277,EAR_4MTH_SEX_ECO_CUR_NB,ECO_AGGREGATE_TOTAL,2014,3439.95
BEL,DA:277,EAR_4MTH_SEX_ECO_CUR_NB,ECO_AGGREGATE_TOTAL,2015,3561.59
BEL,DA:277,EAR_4MTH_SEX_ECO_CUR_NB,ECO_AGGREGATE_TOTAL,2016,3564.92
BEN,BB:426,EAR_4MTH_SEX_ECO_CUR_NB,ECO_AGGREGATE_TOTAL,2011,0.38
BGD,BA:673,EAR_4MTH_SEX_ECO_CUR_NB,ECO_AGGREGATE_TOTAL,2016,405
BGR,CA:914,EAR_4MTH_SEX_ECO_CUR_NB,ECO_AGGREGATE_TOTAL,1999,320.87
BGR,CA:914,EAR_4MTH_SEX_ECO_CUR_NB,ECO_AGGREGATE_TOTAL,2000,353.88
BGR,CA:914,EAR_4MTH_SEX_ECO_CUR_NB,ECO_AGGREGATE_TOTAL,2001,359.73
BGR,CA:914,EAR_4MTH_SEX_ECO_CUR_NB,ECO_AGGREGATE_TOTAL,2002,387.36
BGR,CA:914,EAR_4MTH_SEX_ECO_CUR_NB,ECO_AGGREGATE_TOTAL,2003,411.99
BGR,CA:914,EAR_4MTH_SEX_ECO_CUR_NB,ECO_AGGREGATE_TOTAL,2004,424.43
BGR,CA:914,EAR_4MTH_SEX_ECO_CUR_NB,ECO_AGGREGATE_TOTAL,2005,457.33
BGR,CA:914,EAR_4MTH_SEX_ECO_CUR_NB,ECO_AGGREGATE_TOTAL,2006,477.14
BGR,CA:914,EAR_4MTH_SEX_ECO_CUR_NB,ECO_AGGREGATE_TOTAL,2007,545.81
BGR,CA:914,EAR_4MTH_SEX_ECO_CUR_NB,ECO_AGGREGATE_TOTAL,2008,630.51
BGR,CA:914 (linked),EAR_4MTH_SEX_ECO_CUR_NB,ECO_AGGREGATE_TOTAL,2009,690.29
BGR,CA:914 (linked),EAR_4MTH_SEX_ECO_CUR_NB,ECO_AGGREGATE_TOTAL,2010,747.95
BGR,CA:914 (linked),EAR_4MTH_SEX_ECO_CUR_NB,ECO_AGGREGATE_TOTAL,2011,818.49
BGR,CA:914 (linked),EAR_4MTH_SEX_ECO_CUR_NB,ECO_AGGREGATE_TOTAL,2012,875.95
BGR,CA:914 (linked),EAR_4MTH_SEX_ECO_CUR_NB,ECO_AGGREGATE_TOTAL,2013,962.58
BGR,CA:914 (linked),EAR_4MTH_SEX_ECO_CUR_NB,ECO_AGGREGATE_TOTAL,2014,1059.43
BGR,CA:914 (linked),EAR_4MTH_SEX_ECO_CUR_NB,ECO_AGGREGATE_TOTAL,2015,1115.7
BGR,CA:914 (linked),EAR_4MTH_SEX_ECO_CUR_NB,ECO_AGGREGATE_TOTAL,2016,1226.24
BHR,FA:921,EAR_4MTH_SEX_ECO_CUR_NB,ECO_AGGREGATE_TOTAL,1990,790.84
BHR,FA:921,EAR_4MTH_SEX_ECO_CUR_NB,ECO_AGGREGATE_TOTAL,1991,846.41
BHR,FA:921,EAR_4MTH_SEX_ECO_CUR_NB,ECO_AGGREGATE_TOTAL,1992,884.52
BHR,FA:921,EAR_4MTH_SEX_ECO_CUR_NB,ECO_AGGREGATE_TOTAL,1993,869.73
BHR,FA:921,EAR_4MTH_SEX_ECO_CUR_NB,ECO_AGGREGATE_TOTAL,1994,892.64
BHR,FA:921,EAR_4MTH_SEX_ECO_CUR_NB,ECO_AGGREGATE_TOTAL,1998,992
BHR,FA:921,EAR_4MTH_SEX_ECO_CUR_NB,ECO_AGGREGATE_TOTAL,1999,973.95
BHR,FA:921,EAR_4MTH_SEX_ECO_CUR_NB,ECO_AGGREGATE_TOTAL,2000,1026.71
BHR,FA:921,EAR_4MTH_SEX_ECO_CUR_NB,ECO_AGGREGATE_TOTAL,2001,1033.31
BHR,FA:921,EAR_4MTH_SEX_ECO_CUR_NB,ECO_AGGREGATE_TOTAL,2002,1063.94
BHR,FA:921,EAR_4MTH_SEX_ECO_CUR_NB,ECO_AGGREGATE_TOTAL,2003,1034.72
BHR,FA:921,EAR_4MTH_SEX_ECO_CUR_NB,ECO_AGGREGATE_TOTAL,2004,1015.24
BHR,FA:921,EAR_4MTH_SEX_ECO_CUR_NB,ECO_AGGREGATE_TOTAL,2005,977.33
BHR,FA:921,EAR_4MTH_SEX_ECO_CUR_NB,ECO_AGGREGATE_TOTAL,2006,956.5
BHR,FA:921,EAR_4MTH_SEX_ECO_CUR_NB,ECO_AGGREGATE_TOTAL,2007,985.14
BHR,FA:598,EAR_4MTH_SEX_ECO_CUR_NB,ECO_AGGREGATE_TOTAL,2008,1145.84
BHR,FA:598,EAR_4MTH_SEX_ECO_CUR_NB,ECO_AGGREGATE_TOTAL,2015,3460.85
BHR,FA:598,EAR_4MTH_SEX_ECO_CUR_NB,ECO_AGGREGATE_TOTAL,2016,3578.41
BIH,BA:493 (linked),EAR_4MTH_SEX_ECO_CUR_NB,ECO_AGGREGATE_TOTAL,2005,515.65
BIH,BA:493,EAR_4MTH_SEX_ECO_CUR_NB,ECO_AGGREGATE_TOTAL,2006,544.58
BIH,BA:493,EAR_4MTH_SEX_ECO_CUR_NB,ECO_AGGREGATE_TOTAL,2007,587.81
BIH,BA:493,EAR_4MTH_SEX_ECO_CUR_NB,ECO_AGGREGATE_TOTAL,2008,663.8
BIH,BA:493,EAR_4MTH_SEX_ECO_CUR_NB,ECO_AGGREGATE_TOTAL,2009,747.64
BIH,BA:493,EAR_4MTH_SEX_ECO_CUR_NB,ECO_AGGREGATE_TOTAL,2010,790.15
BIH,BA:493,EAR_4MTH_SEX_ECO_CUR_NB,ECO_AGGREGATE_TOTAL,2011,815.26
BIH,BA:493,EAR_4MTH_SEX_ECO_CUR_NB,ECO_AGGREGATE_TOTAL,2012,819.11
BIH,BA:493,EAR_4MTH_SEX_ECO_CUR_NB,ECO_AGGREGATE_TOTAL,2014,907.51
BIH,BA:493,EAR_4MTH_SEX_ECO_CUR_NB,ECO_AGGREGATE_TOTAL,2015,901.68
BIH,BA:493,EAR_4MTH_SEX_ECO_CUR_NB,ECO_AGGREGATE_TOTAL,2016,931.88
BLR,DA:931,EAR_4MTH_SEX_ECO_CUR_NB,ECO_AGGREGATE_TOTAL,1995,1.64014E+12
BLR,DA:931,EAR_4MTH_SEX_ECO_CUR_NB,ECO_AGGREGATE_TOTAL,1996,1.70352E+12
BLR,DA:931,EAR_4MTH_SEX_ECO_CUR_NB,ECO_AGGREGATE_TOTAL,1997,2.21581E+12
BLR,DA:931,EAR_4MTH_SEX_ECO_CUR_NB,ECO_AGGREGATE_TOTAL,1998,3.1639E+12
BLR,DA:931,EAR_4MTH_SEX_ECO_CUR_NB,ECO_AGGREGATE_TOTAL,1999,3.58445E+12
BLR,DA:931,EAR_4MTH_SEX_ECO_CUR_NB,ECO_AGGREGATE_TOTAL,2000,3.48578E+12
BLR,DA:931,EAR_4MTH_SEX_ECO_CUR_NB,ECO_AGGREGATE_TOTAL,2001,4199389286
BLR,DA:931,EAR_4MTH_SEX_ECO_CUR_NB,ECO_AGGREGATE_TOTAL,2002,3995962465
BLR,DA:931,EAR_4MTH_SEX_ECO_CUR_NB,ECO_AGGREGATE_TOTAL,2003,4290958301
BLR,DA:931,EAR_4MTH_SEX_ECO_CUR_NB,ECO_AGGREGATE_TOTAL,2004,5400826992
BLR,DA:931,EAR_4MTH_SEX_ECO_CUR_NB,ECO_AGGREGATE_TOTAL,2005,6543771196
BLR,DA:931,EAR_4MTH_SEX_ECO_CUR_NB,ECO_AGGREGATE_TOTAL,2006,7482650620
BLR,DA:931,EAR_4MTH_SEX_ECO_CUR_NB,ECO_AGGREGATE_TOTAL,2007,8455101766
BLR,DA:931,EAR_4MTH_SEX_ECO_CUR_NB,ECO_AGGREGATE_TOTAL,2008,9612627173
BLR,DA:931,EAR_4MTH_SEX_ECO_CUR_NB,ECO_AGGREGATE_TOTAL,2009,8434046.94
BLR,DA:931,EAR_4MTH_SEX_ECO_CUR_NB,ECO_AGGREGATE_TOTAL,2010,12729550.09
BLR,DA:931,EAR_4MTH_SEX_ECO_CUR_NB,ECO_AGGREGATE_TOTAL,2011,15440773.43
BLR,DA:931,EAR_4MTH_SEX_ECO_CUR_NB,ECO_AGGREGATE_TOTAL,2012,16290885.17
BLR,DA:931,EAR_4MTH_SEX_ECO_CUR_NB,ECO_AGGREGATE_TOTAL,2013,17237829.64
BLR,DA:931,EAR_4MTH_SEX_ECO_CUR_NB,ECO_AGGREGATE_TOTAL,2014,17236112.18
BLR,DA:931,EAR_4MTH_SEX_ECO_CUR_NB,ECO_AGGREGATE_TOTAL,2015,16593558.78
BLR,DA:931,EAR_4MTH_SEX_ECO_CUR_NB,ECO_AGGREGATE_TOTAL,2016,1579.52
BOL,BB:73,EAR_4MTH_SEX_ECO_CUR_NB,ECO_AGGREGATE_TOTAL,2005,537.12
BOL,BB:73,EAR_4MTH_SEX_ECO_CUR_NB,ECO_AGGREGATE_TOTAL,2006,594.59
BOL,BB:73,EAR_4MTH_SEX_ECO_CUR_NB,ECO_AGGREGATE_TOTAL,2007,597.32
BOL,BB:73,EAR_4MTH_SEX_ECO_CUR_NB,ECO_AGGREGATE_TOTAL,2008,619.36
BOL,BB:73,EAR_4MTH_SEX_ECO_CUR_NB,ECO_AGGREGATE_TOTAL,2009,627.83
BOL,BB:73,EAR_4MTH_SEX_ECO_CUR_NB,ECO_AGGREGATE_TOTAL,2011,702.7
BOL,BB:73,EAR_4MTH_SEX_ECO_CUR_NB,ECO_AGGREGATE_TOTAL,2012,778.73
BOL,BB:73,EAR_4MTH_SEX_ECO_CUR_NB,ECO_AGGREGATE_TOTAL,2013,841.93
BOL,BB:73,EAR_4MTH_SEX_ECO_CUR_NB,ECO_AGGREGATE_TOTAL,2014,840.24
BOL,BB:73,EAR_4MTH_SEX_ECO_CUR_NB,ECO_AGGREGATE_TOTAL,2015,846.15
BOL,BB:73,EAR_4MTH_SEX_ECO_CUR_NB,ECO_AGGREGATE_TOTAL,2016,869.68
BRA,BX:356,EAR_4MTH_SEX_ECO_CUR_NB,ECO_AGGREGATE_TOTAL,1995,442.14
BRA,BX:356,EAR_4MTH_SEX_ECO_CUR_NB,ECO_AGGREGATE_TOTAL,1996,446.52
BRA,BX:356,EAR_4MTH_SEX_ECO_CUR_NB,ECO_AGGREGATE_TOTAL,1997,449.28
BRA,BX:356,EAR_4MTH_SEX_ECO_CUR_NB,ECO_AGGREGATE_TOTAL,1998,462.08
BRA,BX:356,EAR_4MTH_SEX_ECO_CUR_NB,ECO_AGGREGATE_TOTAL,1999,446.81
BRA,BX:356,EAR_4MTH_SEX_ECO_CUR_NB,ECO_AGGREGATE_TOTAL,2001,471
BRA,BX:356,EAR_4MTH_SEX_ECO_CUR_NB,ECO_AGGREGATE_TOTAL,2002,474.87
BRA,BX:356,EAR_4MTH_SEX_ECO_CUR_NB,ECO_AGGREGATE_TOTAL,2003,459.99
BRA,BX:356,EAR_4MTH_SEX_ECO_CUR_NB,ECO_AGGREGATE_TOTAL,2004,469.98
BRA,BX:356,EAR_4MTH_SEX_ECO_CUR_NB,ECO_AGGREGATE_TOTAL,2005,500.62
BRA,BX:356,EAR_4MTH_SEX_ECO_CUR_NB,ECO_AGGREGATE_TOTAL,2006,543.19
BRA,BX:356,EAR_4MTH_SEX_ECO_CUR_NB,ECO_AGGREGATE_TOTAL,2007,586.39
BRA,BX:356,EAR_4MTH_SEX_ECO_CUR_NB,ECO_AGGREGATE_TOTAL,2008,630.63
BRA,BX:356,EAR_4MTH_SEX_ECO_CUR_NB,ECO_AGGREGATE_TOTAL,2009,643.97
BRA,BX:356,EAR_4MTH_SEX_ECO_CUR_NB,ECO_AGGREGATE_TOTAL,2011,736.7
BRA,BX:356,EAR_4MTH_SEX_ECO_CUR_NB,ECO_AGGREGATE_TOTAL,2012,787.41
BRA,BX:356,EAR_4MTH_SEX_ECO_CUR_NB,ECO_AGGREGATE_TOTAL,2013,828.78
BRA,BX:356,EAR_4MTH_SEX_ECO_CUR_NB,ECO_AGGREGATE_TOTAL,2014,856.23
BRA,BX:356,EAR_4MTH_SEX_ECO_CUR_NB,ECO_AGGREGATE_TOTAL,2015,846.94
BRA,BX:356 (linked),EAR_4MTH_SEX_ECO_CUR_NB,ECO_AGGREGATE_TOTAL,2016,884.47
BRN,BA:8230,EAR_4MTH_SEX_ECO_CUR_NB,ECO_AGGREGATE_TOTAL,2014,2574.78
BWA,DA:965,EAR_4MTH_SEX_ECO_CUR_NB,ECO_AGGREGATE_TOTAL,1990,418.29
BWA,DA:965,EAR_4MTH_SEX_ECO_CUR_NB,ECO_AGGREGATE_TOTAL,1991,446.3
BWA,DA:965,EAR_4MTH_SEX_ECO_CUR_NB,ECO_AGGREGATE_TOTAL,1992,476.72
BWA,DA:965,EAR_4MTH_SEX_ECO_CUR_NB,ECO_AGGREGATE_TOTAL,1993,500.49
BWA,DA:965,EAR_4MTH_SEX_ECO_CUR_NB,ECO_AGGREGATE_TOTAL,1994,491.13
BWA,DA:965,EAR_4MTH_SEX_ECO_CUR_NB,ECO_AGGREGATE_TOTAL,1995,488.61
BWA,DA:965,EAR_4MTH_SEX_ECO_CUR_NB,ECO_AGGREGATE_TOTAL,1996,484.7
BWA,DA:965,EAR_4MTH_SEX_ECO_CUR_NB,ECO_AGGREGATE_TOTAL,1997,503.7
BWA,DA:965,EAR_4MTH_SEX_ECO_CUR_NB,ECO_AGGREGATE_TOTAL,1998,652.53
BWA,DA:965,EAR_4MTH_SEX_ECO_CUR_NB,ECO_AGGREGATE_TOTAL,2000,702.09
BWA,DA:965,EAR_4MTH_SEX_ECO_CUR_NB,ECO_AGGREGATE_TOTAL,2001,727.92
BWA,DA:965,EAR_4MTH_SEX_ECO_CUR_NB,ECO_AGGREGATE_TOTAL,2002,761.2
BWA,DA:965,EAR_4MTH_SEX_ECO_CUR_NB,ECO_AGGREGATE_TOTAL,2003,764.96
BWA,DA:965,EAR_4MTH_SEX_ECO_CUR_NB,ECO_AGGREGATE_TOTAL,2004,780.36
BWA,DA:965,EAR_4MTH_SEX_ECO_CUR_NB,ECO_AGGREGATE_TOTAL,2005,706.57
BWA,DA:965,EAR_4MTH_SEX_ECO_CUR_NB,ECO_AGGREGATE_TOTAL,2006,932.93
BWA,DA:965,EAR_4MTH_SEX_ECO_CUR_NB,ECO_AGGREGATE_TOTAL,2009,1107.56
BWA,DA:965,EAR_4MTH_SEX_ECO_CUR_NB,ECO_AGGREGATE_TOTAL,2010,1099.49
BWA,DA:965,EAR_4MTH_SEX_ECO_CUR_NB,ECO_AGGREGATE_TOTAL,2011,1066.01
CAN,BA:147,EAR_4MTH_SEX_ECO_CUR_NB,ECO_AGGREGATE_TOTAL,1997,1973.96
CAN,BA:147,EAR_4MTH_SEX_ECO_CUR_NB,ECO_AGGREGATE_TOTAL,1998,1991.79
CAN,BA:147,EAR_4MTH_SEX_ECO_CUR_NB,ECO_AGGREGATE_TOTAL,1999,2042.61
CAN,BA:147,EAR_4MTH_SEX_ECO_CUR_NB,ECO_AGGREGATE_TOTAL,2000,2100.57
CAN,BA:147,EAR_4MTH_SEX_ECO_CUR_NB,ECO_AGGREGATE_TOTAL,2001,2164.14
CAN,BA:147,EAR_4MTH_SEX_ECO_CUR_NB,ECO_AGGREGATE_TOTAL,2002,2187.23
CAN,BA:147,EAR_4MTH_SEX_ECO_CUR_NB,ECO_AGGREGATE_TOTAL,2003,2232.14
CAN,BA:147,EAR_4MTH_SEX_ECO_CUR_NB,ECO_AGGREGATE_TOTAL,2004,2311.9
CAN,BA:147,EAR_4MTH_SEX_ECO_CUR_NB,ECO_AGGREGATE_TOTAL,2005,2416.36
CAN,BA:147,EAR_4MTH_SEX_ECO_CUR_NB,ECO_AGGREGATE_TOTAL,2006,2446.32
CAN,BA:147,EAR_4MTH_SEX_ECO_CUR_NB,ECO_AGGREGATE_TOTAL,2007,2548.79
CAN,BA:147,EAR_4MTH_SEX_ECO_CUR_NB,ECO_AGGREGATE_TOTAL,2008,2597.64
CAN,BA:147,EAR_4MTH_SEX_ECO_CUR_NB,ECO_AGGREGATE_TOTAL,2009,2671.63
CAN,BA:147,EAR_4MTH_SEX_ECO_CUR_NB,ECO_AGGREGATE_TOTAL,2010,2729.84
CAN,BA:147,EAR_4MTH_SEX_ECO_CUR_NB,ECO_AGGREGATE_TOTAL,2011,2818.95
CAN,BA:147,EAR_4MTH_SEX_ECO_CUR_NB,ECO_AGGREGATE_TOTAL,2012,2910.31
CAN,BA:147,EAR_4MTH_SEX_ECO_CUR_NB,ECO_AGGREGATE_TOTAL,2013,2929.42
CAN,BA:147,EAR_4MTH_SEX_ECO_CUR_NB,ECO_AGGREGATE_TOTAL,2014,2963.73
CAN,BA:147,EAR_4MTH_SEX_ECO_CUR_NB,ECO_AGGREGATE_TOTAL,2015,2980.3
CAN,BA:147,EAR_4MTH_SEX_ECO_CUR_NB,ECO_AGGREGATE_TOTAL,2016,3045.76
CAN,BA:147,EAR_4MTH_SEX_ECO_CUR_NB,ECO_AGGREGATE_TOTAL,2017,3088.41
CHE,DA:982,EAR_4MTH_SEX_ECO_CUR_NB,ECO_AGGREGATE_TOTAL,2010,4441.15
CHE,DA:982,EAR_4MTH_SEX_ECO_CUR_NB,ECO_AGGREGATE_TOTAL,2012,4120.69
CHE,DA:982,EAR_4MTH_SEX_ECO_CUR_NB,ECO_AGGREGATE_TOTAL,2014,5100.63
CHE,DA:982,EAR_4MTH_SEX_ECO_CUR_NB,ECO_AGGREGATE_TOTAL,2016,5324.96
CHL,DA:134,EAR_4MTH_SEX_ECO_CUR_NB,ECO_AGGREGATE_TOTAL,1990,782.75
CHL,DA:134,EAR_4MTH_SEX_ECO_CUR_NB,ECO_AGGREGATE_TOTAL,1991,872.82
CHL,DA:134,EAR_4MTH_SEX_ECO_CUR_NB,ECO_AGGREGATE_TOTAL,1992,955.46
CHL,DA:134,EAR_4MTH_SEX_ECO_CUR_NB,ECO_AGGREGATE_TOTAL,1993,411.84
CHL,DA:134,EAR_4MTH_SEX_ECO_CUR_NB,ECO_AGGREGATE_TOTAL,1994,456.85
CHL,DA:134,EAR_4MTH_SEX_ECO_CUR_NB,ECO_AGGREGATE_TOTAL,1995,502.45
CHL,DA:134,EAR_4MTH_SEX_ECO_CUR_NB,ECO_AGGREGATE_TOTAL,1996,550.43
CHL,DA:134,EAR_4MTH_SEX_ECO_CUR_NB,ECO_AGGREGATE_TOTAL,1997,589.98
CHL,DA:134,EAR_4MTH_SEX_ECO_CUR_NB,ECO_AGGREGATE_TOTAL,1998,617.75
CHL,DA:134,EAR_4MTH_SEX_ECO_CUR_NB,ECO_AGGREGATE_TOTAL,1999,634.6
CHL,DA:134,EAR_4MTH_SEX_ECO_CUR_NB,ECO_AGGREGATE_TOTAL,2000,654.47
CHL,DA:134,EAR_4MTH_SEX_ECO_CUR_NB,ECO_AGGREGATE_TOTAL,2001,662.41
CHL,DA:134,EAR_4MTH_SEX_ECO_CUR_NB,ECO_AGGREGATE_TOTAL,2002,673.79
CHL,DA:134,EAR_4MTH_SEX_ECO_CUR_NB,ECO_AGGREGATE_TOTAL,2003,691.63
CHL,DA:134,EAR_4MTH_SEX_ECO_CUR_NB,ECO_AGGREGATE_TOTAL,2004,719.9
CHL,DA:134,EAR_4MTH_SEX_ECO_CUR_NB,ECO_AGGREGATE_TOTAL,2005,714.79
CHL,DA:134 (linked),EAR_4MTH_SEX_ECO_CUR_NB,ECO_AGGREGATE_TOTAL,2006,944.96
CHL,DA:134 (linked),EAR_4MTH_SEX_ECO_CUR_NB,ECO_AGGREGATE_TOTAL,2009,1140.61
CHL,DA:134 (linked),EAR_4MTH_SEX_ECO_CUR_NB,ECO_AGGREGATE_TOTAL,2011,1255.78
CHL,DA:134 (linked),EAR_4MTH_SEX_ECO_CUR_NB,ECO_AGGREGATE_TOTAL,2013,1310.79
CHL,DA:134 (linked),EAR_4MTH_SEX_ECO_CUR_NB,ECO_AGGREGATE_TOTAL,2015,1282.85
CHN,DA:994,EAR_4MTH_SEX_ECO_CUR_NB,ECO_AGGREGATE_TOTAL,1990,73.15
CHN,DA:994,EAR_4MTH_SEX_ECO_CUR_NB,ECO_AGGREGATE_TOTAL,1991,80.51
CHN,DA:994,EAR_4MTH_SEX_ECO_CUR_NB,ECO_AGGREGATE_TOTAL,1992,90.36
CHN,DA:994,EAR_4MTH_SEX_ECO_CUR_NB,ECO_AGGREGATE_TOTAL,1993,100.93
CHN,DA:994,EAR_4MTH_SEX_ECO_CUR_NB,ECO_AGGREGATE_TOTAL,1994,112.2
CHN,DA:994,EAR_4MTH_SEX_ECO_CUR_NB,ECO_AGGREGATE_TOTAL,1995,119.7
CHN,DA:994,EAR_4MTH_SEX_ECO_CUR_NB,ECO_AGGREGATE_TOTAL,1996,128.43
CHN,DA:994,EAR_4MTH_SEX_ECO_CUR_NB,ECO_AGGREGATE_TOTAL,1997,133.23
CHN,DA:994,EAR_4MTH_SEX_ECO_CUR_NB,ECO_AGGREGATE_TOTAL,1998,157.61
CHN,DA:994,EAR_4MTH_SEX_ECO_CUR_NB,ECO_AGGREGATE_TOTAL,1999,182.29
CHN,DA:994,EAR_4MTH_SEX_ECO_CUR_NB,ECO_AGGREGATE_TOTAL,2000,210.85
CHN,DA:994,EAR_4MTH_SEX_ECO_CUR_NB,ECO_AGGREGATE_TOTAL,2001,249.7
CHN,DA:994,EAR_4MTH_SEX_ECO_CUR_NB,ECO_AGGREGATE_TOTAL,2002,292.01
CHN,DA:994,EAR_4MTH_SEX_ECO_CUR_NB,ECO_AGGREGATE_TOTAL,2003,333.78
CHN,DA:994,EAR_4MTH_SEX_ECO_CUR_NB,ECO_AGGREGATE_TOTAL,2004,376.64
CHN,DA:994,EAR_4MTH_SEX_ECO_CUR_NB,ECO_AGGREGATE_TOTAL,2005,438.6
CHN,DA:994,EAR_4MTH_SEX_ECO_CUR_NB,ECO_AGGREGATE_TOTAL,2006,509.36
CHN,DA:994,EAR_4MTH_SEX_ECO_CUR_NB,ECO_AGGREGATE_TOTAL,2007,593.38
CHN,DA:994,EAR_4MTH_SEX_ECO_CUR_NB,ECO_AGGREGATE_TOTAL,2008,681.94
CHN,FB:216 (linked),EAR_4MTH_SEX_ECO_CUR_NB,ECO_AGGREGATE_TOTAL,2009,761.87
CHN,FB:216 (linked),EAR_4MTH_SEX_ECO_CUR_NB,ECO_AGGREGATE_TOTAL,2010,850.53
CHN,FB:216 (linked),EAR_4MTH_SEX_ECO_CUR_NB,ECO_AGGREGATE_TOTAL,2011,950.78
CHN,FB:216 (linked),EAR_4MTH_SEX_ECO_CUR_NB,ECO_AGGREGATE_TOTAL,2012,1058.2
CHN,FB:216 (linked),EAR_4MTH_SEX_ECO_CUR_NB,ECO_AGGREGATE_TOTAL,2013,1151.74
CHN,FB:216 (linked),EAR_4MTH_SEX_ECO_CUR_NB,ECO_AGGREGATE_TOTAL,2014,1257.14
CHN,FB:216 (linked),EAR_4MTH_SEX_ECO_CUR_NB,ECO_AGGREGATE_TOTAL,2015,1365.58
CHN,FB:216 (linked),EAR_4MTH_SEX_ECO_CUR_NB,ECO_AGGREGATE_TOTAL,2016,1476.81
CIV,BA:7345,EAR_4MTH_SEX_ECO_CUR_NB,ECO_AGGREGATE_TOTAL,2012,328.9
CIV,BA:7345,EAR_4MTH_SEX_ECO_CUR_NB,ECO_AGGREGATE_TOTAL,2013,483.34
CMR,BX:7419,EAR_4MTH_SEX_ECO_CUR_NB,ECO_AGGREGATE_TOTAL,2014,584.89
COD,BA:3051,EAR_4MTH_SEX_ECO_CUR_NB,ECO_AGGREGATE_TOTAL,2005,43.52
COL,BA:358,EAR_4MTH_SEX_ECO_CUR_NB,ECO_AGGREGATE_TOTAL,1991,434.31
COL,BA:358,EAR_4MTH_SEX_ECO_CUR_NB,ECO_AGGREGATE_TOTAL,1992,429.46
COL,BA:358,EAR_4MTH_SEX_ECO_CUR_NB,ECO_AGGREGATE_TOTAL,1993,518.91
COL,BA:358,EAR_4MTH_SEX_ECO_CUR_NB,ECO_AGGREGATE_TOTAL,1994,556.13
COL,BA:358,EAR_4MTH_SEX_ECO_CUR_NB,ECO_AGGREGATE_TOTAL,1995,528.16
COL,BA:358,EAR_4MTH_SEX_ECO_CUR_NB,ECO_AGGREGATE_TOTAL,1996,569.03
COL,BA:358,EAR_4MTH_SEX_ECO_CUR_NB,ECO_AGGREGATE_TOTAL,1997,607.63
COL,BA:358,EAR_4MTH_SEX_ECO_CUR_NB,ECO_AGGREGATE_TOTAL,1998,653.66
COL,BA:358,EAR_4MTH_SEX_ECO_CUR_NB,ECO_AGGREGATE_TOTAL,1999,616.23
COL,BA:358,EAR_4MTH_SEX_ECO_CUR_NB,ECO_AGGREGATE_TOTAL,2002,364.27
COL,BA:358,EAR_4MTH_SEX_ECO_CUR_NB,ECO_AGGREGATE_TOTAL,2003,404.92
COL,BA:358,EAR_4MTH_SEX_ECO_CUR_NB,ECO_AGGREGATE_TOTAL,2004,597.56
COL,BA:358,EAR_4MTH_SEX_ECO_CUR_NB,ECO_AGGREGATE_TOTAL,2005,637.72
COL,BA:358,EAR_4MTH_SEX_ECO_CUR_NB,ECO_AGGREGATE_TOTAL,2006,635.12
COL,BA:358,EAR_4MTH_SEX_ECO_CUR_NB,ECO_AGGREGATE_TOTAL,2007,597.32
COL,BA:358,EAR_4MTH_SEX_ECO_CUR_NB,ECO_AGGREGATE_TOTAL,2010,718.79
COL,BA:358,EAR_4MTH_SEX_ECO_CUR_NB,ECO_AGGREGATE_TOTAL,2011,742.38
COL,BA:358,EAR_4MTH_SEX_ECO_CUR_NB,ECO_AGGREGATE_TOTAL,2012,758.69
COL,BA:358,EAR_4MTH_SEX_ECO_CUR_NB,ECO_AGGREGATE_TOTAL,2013,806.04
COL,BA:358,EAR_4MTH_SEX_ECO_CUR_NB,ECO_AGGREGATE_TOTAL,2014,844.56
COL,BA:358,EAR_4MTH_SEX_ECO_CUR_NB,ECO_AGGREGATE_TOTAL,2015,809.14
COL,BA:358,EAR_4MTH_SEX_ECO_CUR_NB,ECO_AGGREGATE_TOTAL,2016,811.1
COM,BX:13363,EAR_4MTH_SEX_ECO_CUR_NB,ECO_AGGREGATE_TOTAL,2004,667.2
CPV,BA:7395,EAR_4MTH_SEX_ECO_CUR_NB,ECO_AGGREGATE_TOTAL,2015,685.91
CRI,BX:142,EAR_4MTH_SEX_ECO_CUR_NB,ECO_AGGREGATE_TOTAL,1990,439.97
CRI,BX:142,EAR_4MTH_SEX_ECO_CUR_NB,ECO_AGGREGATE_TOTAL,1991,437.63
CRI,BX:142,EAR_4MTH_SEX_ECO_CUR_NB,ECO_AGGREGATE_TOTAL,1992,469.46
CRI,BX:142,EAR_4MTH_SEX_ECO_CUR_NB,ECO_AGGREGATE_TOTAL,1993,532.78
CRI,BX:142,EAR_4MTH_SEX_ECO_CUR_NB,ECO_AGGREGATE_TOTAL,1994,566.92
CRI,BX:142,EAR_4MTH_SEX_ECO_CUR_NB,ECO_AGGREGATE_TOTAL,1995,571.39
CRI,BX:142,EAR_4MTH_SEX_ECO_CUR_NB,ECO_AGGREGATE_TOTAL,1996,582.42
CRI,BX:142,EAR_4MTH_SEX_ECO_CUR_NB,ECO_AGGREGATE_TOTAL,1997,601.57
CRI,BX:142,EAR_4MTH_SEX_ECO_CUR_NB,ECO_AGGREGATE_TOTAL,1998,622.79
CRI,BX:142,EAR_4MTH_SEX_ECO_CUR_NB,ECO_AGGREGATE_TOTAL,1999,639.23
CRI,BX:142,EAR_4MTH_SEX_ECO_CUR_NB,ECO_AGGREGATE_TOTAL,2000,664.36
CRI,BX:142,EAR_4MTH_SEX_ECO_CUR_NB,ECO_AGGREGATE_TOTAL,2001,762.89
CRI,BX:142,EAR_4MTH_SEX_ECO_CUR_NB,ECO_AGGREGATE_TOTAL,2004,766.11
CRI,BX:142,EAR_4MTH_SEX_ECO_CUR_NB,ECO_AGGREGATE_TOTAL,2005,1609.66
CRI,BX:142,EAR_4MTH_SEX_ECO_CUR_NB,ECO_AGGREGATE_TOTAL,2008,1918.86
CRI,BX:142,EAR_4MTH_SEX_ECO_CUR_NB,ECO_AGGREGATE_TOTAL,2010,1109.43
CRI,BX:142,EAR_4MTH_SEX_ECO_CUR_NB,ECO_AGGREGATE_TOTAL,2011,1139.09
CRI,BX:142,EAR_4MTH_SEX_ECO_CUR_NB,ECO_AGGREGATE_TOTAL,2012,1236.87
CRI,BX:142,EAR_4MTH_SEX_ECO_CUR_NB,ECO_AGGREGATE_TOTAL,2013,1298.01
CRI,BX:142,EAR_4MTH_SEX_ECO_CUR_NB,ECO_AGGREGATE_TOTAL,2014,1297.13
CRI,BX:142,EAR_4MTH_SEX_ECO_CUR_NB,ECO_AGGREGATE_TOTAL,2015,1319.26
CRI,BX:142,EAR_4MTH_SEX_ECO_CUR_NB,ECO_AGGREGATE_TOTAL,2016,1351.75
CYP,FA:38,EAR_4MTH_SEX_ECO_CUR_NB,ECO_AGGREGATE_TOTAL,2009,2512.49
CYP,FA:38,EAR_4MTH_SEX_ECO_CUR_NB,ECO_AGGREGATE_TOTAL,2010,2528.36
CYP,FA:38,EAR_4MTH_SEX_ECO_CUR_NB,ECO_AGGREGATE_TOTAL,2011,2599.25
CYP,FA:38,EAR_4MTH_SEX_ECO_CUR_NB,ECO_AGGREGATE_TOTAL,2013,2600.78
CYP,FA:38,EAR_4MTH_SEX_ECO_CUR_NB,ECO_AGGREGATE_TOTAL,2014,2582.42
CYP,FA:38,EAR_4MTH_SEX_ECO_CUR_NB,ECO_AGGREGATE_TOTAL,2015,218.48
CYP,FA:38,EAR_4MTH_SEX_ECO_CUR_NB,ECO_AGGREGATE_TOTAL,2016,2679.42
CZE,DA:293,EAR_4MTH_SEX_ECO_CUR_NB,ECO_AGGREGATE_TOTAL,1993,529.57
CZE,DA:293,EAR_4MTH_SEX_ECO_CUR_NB,ECO_AGGREGATE_TOTAL,1994,583.36
CZE,DA:293,EAR_4MTH_SEX_ECO_CUR_NB,ECO_AGGREGATE_TOTAL,1995,644.31
CZE,DA:293,EAR_4MTH_SEX_ECO_CUR_NB,ECO_AGGREGATE_TOTAL,1996,622.08
CZE,DA:293,EAR_4MTH_SEX_ECO_CUR_NB,ECO_AGGREGATE_TOTAL,1997,747.69
CZE,DA:293,EAR_4MTH_SEX_ECO_CUR_NB,ECO_AGGREGATE_TOTAL,1998,771.74
CZE,DA:293,EAR_4MTH_SEX_ECO_CUR_NB,ECO_AGGREGATE_TOTAL,1999,833.48
CZE,DA:293,EAR_4MTH_SEX_ECO_CUR_NB,ECO_AGGREGATE_TOTAL,2000,882.03
CZE,DA:293,EAR_4MTH_SEX_ECO_CUR_NB,ECO_AGGREGATE_TOTAL,2001,975.41
CZE,DA:293,EAR_4MTH_SEX_ECO_CUR_NB,ECO_AGGREGATE_TOTAL,2002,1015.52
CZE,DA:293,EAR_4MTH_SEX_ECO_CUR_NB,ECO_AGGREGATE_TOTAL,2003,1100.53
CZE,DA:293,EAR_4MTH_SEX_ECO_CUR_NB,ECO_AGGREGATE_TOTAL,2004,1166.58
CZE,DA:293,EAR_4MTH_SEX_ECO_CUR_NB,ECO_AGGREGATE_TOTAL,2005,1230.92
CZE,DA:293,EAR_4MTH_SEX_ECO_CUR_NB,ECO_AGGREGATE_TOTAL,2006,1296.95
CZE,DA:293,EAR_4MTH_SEX_ECO_CUR_NB,ECO_AGGREGATE_TOTAL,2007,1407.24
CZE,DA:293,EAR_4MTH_SEX_ECO_CUR_NB,ECO_AGGREGATE_TOTAL,2008,1486.57
CZE,DA:293,EAR_4MTH_SEX_ECO_CUR_NB,ECO_AGGREGATE_TOTAL,2009,1581.7
CZE,DA:1050 (linked),EAR_4MTH_SEX_ECO_CUR_NB,ECO_AGGREGATE_TOTAL,2010,1812.68
CZE,DA:1050 (linked),EAR_4MTH_SEX_ECO_CUR_NB,ECO_AGGREGATE_TOTAL,2011,1755.82
CZE,DA:293,EAR_4MTH_SEX_ECO_CUR_NB,ECO_AGGREGATE_TOTAL,2012,1776.76
CZE,DA:293,EAR_4MTH_SEX_ECO_CUR_NB,ECO_AGGREGATE_TOTAL,2013,1845.85
CZE,DA:293,EAR_4MTH_SEX_ECO_CUR_NB,ECO_AGGREGATE_TOTAL,2014,1924.26
CZE,DA:293,EAR_4MTH_SEX_ECO_CUR_NB,ECO_AGGREGATE_TOTAL,2015,1960.08
CZE,DA:293,EAR_4MTH_SEX_ECO_CUR_NB,ECO_AGGREGATE_TOTAL,2016,2056.76
DEU,BB:304,EAR_4MTH_SEX_ECO_CUR_NB,ECO_AGGREGATE_TOTAL,2009,4003.1
DEU,BB:304,EAR_4MTH_SEX_ECO_CUR_NB,ECO_AGGREGATE_TOTAL,2010,4154.99
DEU,BB:304,EAR_4MTH_SEX_ECO_CUR_NB,ECO_AGGREGATE_TOTAL,2011,4407.68
DEU,BB:304,EAR_4MTH_SEX_ECO_CUR_NB,ECO_AGGREGATE_TOTAL,2012,4511.78
DEU,BB:304,EAR_4MTH_SEX_ECO_CUR_NB,ECO_AGGREGATE_TOTAL,2013,4588.33
DEU,BB:304,EAR_4MTH_SEX_ECO_CUR_NB,ECO_AGGREGATE_TOTAL,2014,4735.25
DEU,BB:304,EAR_4MTH_SEX_ECO_CUR_NB,ECO_AGGREGATE_TOTAL,2015,4777.21
DEU,BB:304,EAR_4MTH_SEX_ECO_CUR_NB,ECO_AGGREGATE_TOTAL,2016,4959.98
DNK,DA:819,EAR_4MTH_SEX_ECO_CUR_NB,ECO_AGGREGATE_TOTAL,2014,3774.78
DOM,BA:3,EAR_4MTH_SEX_ECO_CUR_NB,ECO_AGGREGATE_TOTAL,2000,591.91
DOM,BA:3,EAR_4MTH_SEX_ECO_CUR_NB,ECO_AGGREGATE_TOTAL,2001,606.68
DOM,BA:3,EAR_4MTH_SEX_ECO_CUR_NB,ECO_AGGREGATE_TOTAL,2002,593.49
DOM,BA:3,EAR_4MTH_SEX_ECO_CUR_NB,ECO_AGGREGATE_TOTAL,2003,515.84
DOM,BA:3,EAR_4MTH_SEX_ECO_CUR_NB,ECO_AGGREGATE_TOTAL,2004,427.64
DOM,BA:3,EAR_4MTH_SEX_ECO_CUR_NB,ECO_AGGREGATE_TOTAL,2005,486.91
DOM,BA:3,EAR_4MTH_SEX_ECO_CUR_NB,ECO_AGGREGATE_TOTAL,2006,513.1
DOM,BA:3,EAR_4MTH_SEX_ECO_CUR_NB,ECO_AGGREGATE_TOTAL,2007,534.08
DOM,BA:3,EAR_4MTH_SEX_ECO_CUR_NB,ECO_AGGREGATE_TOTAL,2008,558.79
DOM,BA:3,EAR_4MTH_SEX_ECO_CUR_NB,ECO_AGGREGATE_TOTAL,2009,587.16
DOM,BA:3,EAR_4MTH_SEX_ECO_CUR_NB,ECO_AGGREGATE_TOTAL,2010,578.46
DOM,BA:3,EAR_4MTH_SEX_ECO_CUR_NB,ECO_AGGREGATE_TOTAL,2011,589.39
DOM,BA:3,EAR_4MTH_SEX_ECO_CUR_NB,ECO_AGGREGATE_TOTAL,2012,630.53
DOM,BA:3,EAR_4MTH_SEX_ECO_CUR_NB,ECO_AGGREGATE_TOTAL,2013,614.23
DOM,BA:3,EAR_4MTH_SEX_ECO_CUR_NB,ECO_AGGREGATE_TOTAL,2014,630.41
DOM,BA:13413,EAR_4MTH_SEX_ECO_CUR_NB,ECO_AGGREGATE_TOTAL,2015,565.14
DOM,BA:13413,EAR_4MTH_SEX_ECO_CUR_NB,ECO_AGGREGATE_TOTAL,2016,629.99
EGY,BA:582,EAR_4MTH_SEX_ECO_CUR_NB,ECO_AGGREGATE_TOTAL,2008,51.77
EGY,BA:582,EAR_4MTH_SEX_ECO_CUR_NB,ECO_AGGREGATE_TOTAL,2009,156.99
EGY,BA:582,EAR_4MTH_SEX_ECO_CUR_NB,ECO_AGGREGATE_TOTAL,2010,475.45
EGY,BA:582,EAR_4MTH_SEX_ECO_CUR_NB,ECO_AGGREGATE_TOTAL,2011,529.27
EGY,BA:582,EAR_4MTH_SEX_ECO_CUR_NB,ECO_AGGREGATE_TOTAL,2012,689.41
EGY,BA:582,EAR_4MTH_SEX_ECO_CUR_NB,ECO_AGGREGATE_TOTAL,2013,688.24
EGY,BA:582,EAR_4MTH_SEX_ECO_CUR_NB,ECO_AGGREGATE_TOTAL,2015,750.02
EGY,BA:582,EAR_4MTH_SEX_ECO_CUR_NB,ECO_AGGREGATE_TOTAL,2016,789.01
ESP,DA:248,EAR_4MTH_SEX_ECO_CUR_NB,ECO_AGGREGATE_TOTAL,2008,2211.94
ESP,DA:248,EAR_4MTH_SEX_ECO_CUR_NB,ECO_AGGREGATE_TOTAL,2009,2269.6
ESP,DA:248,EAR_4MTH_SEX_ECO_CUR_NB,ECO_AGGREGATE_TOTAL,2010,2295.44
ESP,DA:248,EAR_4MTH_SEX_ECO_CUR_NB,ECO_AGGREGATE_TOTAL,2011,2326.48
ESP,DA:248,EAR_4MTH_SEX_ECO_CUR_NB,ECO_AGGREGATE_TOTAL,2012,2354.56
ESP,DA:248,EAR_4MTH_SEX_ECO_CUR_NB,ECO_AGGREGATE_TOTAL,2013,2464.36
ESP,DA:248,EAR_4MTH_SEX_ECO_CUR_NB,ECO_AGGREGATE_TOTAL,2014,2527.88
ESP,DA:248,EAR_4MTH_SEX_ECO_CUR_NB,ECO_AGGREGATE_TOTAL,2015,2565.37
ESP,DA:248,EAR_4MTH_SEX_ECO_CUR_NB,ECO_AGGREGATE_TOTAL,2016,2572.8
EST,DA:3113,EAR_4MTH_SEX_ECO_CUR_NB,ECO_AGGREGATE_TOTAL,2010,1395.46
EST,DA:1114,EAR_4MTH_SEX_ECO_CUR_NB,ECO_AGGREGATE_TOTAL,2011,1427.28
EST,DA:1114,EAR_4MTH_SEX_ECO_CUR_NB,ECO_AGGREGATE_TOTAL,2012,1483.13
EST,DA:1114,EAR_4MTH_SEX_ECO_CUR_NB,ECO_AGGREGATE_TOTAL,2013,1586.51
EST,DA:3113,EAR_4MTH_SEX_ECO_CUR_NB,ECO_AGGREGATE_TOTAL,2014,1779.7
EST,DA:1114,EAR_4MTH_SEX_ECO_CUR_NB,ECO_AGGREGATE_TOTAL,2015,1765.56
EST,DA:1114,EAR_4MTH_SEX_ECO_CUR_NB,ECO_AGGREGATE_TOTAL,2016,1915.57
ETH,BA:1126,EAR_4MTH_SEX_ECO_CUR_NB,ECO_AGGREGATE_TOTAL,2005,158.9
ETH,BA:1126,EAR_4MTH_SEX_ECO_CUR_NB,ECO_AGGREGATE_TOTAL,2013,191.53
FIN,DA:58,EAR_4MTH_SEX_ECO_CUR_NB,ECO_AGGREGATE_TOTAL,2009,3023.39
FIN,DA:58,EAR_4MTH_SEX_ECO_CUR_NB,ECO_AGGREGATE_TOTAL,2010,3108.68
FIN,DA:58,EAR_4MTH_SEX_ECO_CUR_NB,ECO_AGGREGATE_TOTAL,2011,2978.75
FIN,FA:1131 (linked),EAR_4MTH_SEX_ECO_CUR_NB,ECO_AGGREGATE_TOTAL,2012,3006.36
FIN,DA:58,EAR_4MTH_SEX_ECO_CUR_NB,ECO_AGGREGATE_TOTAL,2013,3120.9
FIN,DA:58,EAR_4MTH_SEX_ECO_CUR_NB,ECO_AGGREGATE_TOTAL,2014,3134.53
FIN,DA:58,EAR_4MTH_SEX_ECO_CUR_NB,ECO_AGGREGATE_TOTAL,2015,3100.05
FJI,BA:1135,EAR_4MTH_SEX_ECO_CUR_NB,ECO_AGGREGATE_TOTAL,2005,559.29
FJI,BA:1135,EAR_4MTH_SEX_ECO_CUR_NB,ECO_AGGREGATE_TOTAL,2011,758.03
FJI,BA:1135,EAR_4MTH_SEX_ECO_CUR_NB,ECO_AGGREGATE_TOTAL,2016,870.26
FRA,BA:148,EAR_4MTH_SEX_ECO_CUR_NB,ECO_AGGREGATE_TOTAL,1999,1414.88
FRA,BA:148,EAR_4MTH_SEX_ECO_CUR_NB,ECO_AGGREGATE_TOTAL,2000,1491.74
FRA,BA:148,EAR_4MTH_SEX_ECO_CUR_NB,ECO_AGGREGATE_TOTAL,2001,1573.76
FRA,BA:148,EAR_4MTH_SEX_ECO_CUR_NB,ECO_AGGREGATE_TOTAL,2002,1650.05
FRA,FX:1144,EAR_4MTH_SEX_ECO_CUR_NB,ECO_AGGREGATE_TOTAL,2005,2707.91
FRA,FX:1144,EAR_4MTH_SEX_ECO_CUR_NB,ECO_AGGREGATE_TOTAL,2006,2782.68
FRA,DA:13042,EAR_4MTH_SEX_ECO_CUR_NB,ECO_AGGREGATE_TOTAL,2010,2859.45
FRA,FX:1144,EAR_4MTH_SEX_ECO_CUR_NB,ECO_AGGREGATE_TOTAL,2011,3157.48
FRA,FX:1144,EAR_4MTH_SEX_ECO_CUR_NB,ECO_AGGREGATE_TOTAL,2012,3247.66
FRA,FX:1144,EAR_4MTH_SEX_ECO_CUR_NB,ECO_AGGREGATE_TOTAL,2013,3373.62
FRA,DA:13042,EAR_4MTH_SEX_ECO_CUR_NB,ECO_AGGREGATE_TOTAL,2014,3228.73
FRA,FX:1144,EAR_4MTH_SEX_ECO_CUR_NB,ECO_AGGREGATE_TOTAL,2015,3396.71
FRA,FX:1144,EAR_4MTH_SEX_ECO_CUR_NB,ECO_AGGREGATE_TOTAL,2016,3472.86
GBR,DA:1154,EAR_4MTH_SEX_ECO_CUR_NB,ECO_AGGREGATE_TOTAL,1990,1340.61
GBR,DA:1154,EAR_4MTH_SEX_ECO_CUR_NB,ECO_AGGREGATE_TOTAL,1991,1344.62
GBR,DA:1154,EAR_4MTH_SEX_ECO_CUR_NB,ECO_AGGREGATE_TOTAL,1999,2186.95
GBR,DA:1154,EAR_4MTH_SEX_ECO_CUR_NB,ECO_AGGREGATE_TOTAL,2000,2518.46
GBR,DA:1154,EAR_4MTH_SEX_ECO_CUR_NB,ECO_AGGREGATE_TOTAL,2001,2577.23
GBR,DA:1154,EAR_4MTH_SEX_ECO_CUR_NB,ECO_AGGREGATE_TOTAL,2002,2678.35
GBR,DA:1154,EAR_4MTH_SEX_ECO_CUR_NB,ECO_AGGREGATE_TOTAL,2003,2779.2
GBR,DA:1154,EAR_4MTH_SEX_ECO_CUR_NB,ECO_AGGREGATE_TOTAL,2004,2953.14
GBR,DA:1154,EAR_4MTH_SEX_ECO_CUR_NB,ECO_AGGREGATE_TOTAL,2005,2936.59
GBR,DA:1154,EAR_4MTH_SEX_ECO_CUR_NB,ECO_AGGREGATE_TOTAL,2006,3090.24
GBR,DA:1154,EAR_4MTH_SEX_ECO_CUR_NB,ECO_AGGREGATE_TOTAL,2007,3137.27
GBR,DA:670,EAR_4MTH_SEX_ECO_CUR_NB,ECO_AGGREGATE_TOTAL,2009,2674.18
GBR,DA:670,EAR_4MTH_SEX_ECO_CUR_NB,ECO_AGGREGATE_TOTAL,2010,2723.02
GBR,DA:670,EAR_4MTH_SEX_ECO_CUR_NB,ECO_AGGREGATE_TOTAL,2011,2722.21
GBR,DA:670,EAR_4MTH_SEX_ECO_CUR_NB,ECO_AGGREGATE_TOTAL,2012,2705.77
GBR,DA:670,EAR_4MTH_SEX_ECO_CUR_NB,ECO_AGGREGATE_TOTAL,2013,2751.98
GBR,DA:670,EAR_4MTH_SEX_ECO_CUR_NB,ECO_AGGREGATE_TOTAL,2015,2740.14
GBR,DA:670,EAR_4MTH_SEX_ECO_CUR_NB,ECO_AGGREGATE_TOTAL,2016,2857.75
GEO,DA:181,EAR_4MTH_SEX_ECO_CUR_NB,ECO_AGGREGATE_TOTAL,2011,755.39
GHA,BB:3078,EAR_4MTH_SEX_ECO_CUR_NB,ECO_AGGREGATE_TOTAL,2006,2566682.48
GHA,BB:3078,EAR_4MTH_SEX_ECO_CUR_NB,ECO_AGGREGATE_TOTAL,2013,688.72
GHA,BA:1163,EAR_4MTH_SEX_ECO_CUR_NB,ECO_AGGREGATE_TOTAL,2015,730.4
GMB,DA:1179,EAR_4MTH_SEX_ECO_CUR_NB,ECO_AGGREGATE_TOTAL,1993,99.41
GMB,DA:1179,EAR_4MTH_SEX_ECO_CUR_NB,ECO_AGGREGATE_TOTAL,1994,166.85
GMB,DA:1179,EAR_4MTH_SEX_ECO_CUR_NB,ECO_AGGREGATE_TOTAL,1998,284.6
GMB,BA:7014,EAR_4MTH_SEX_ECO_CUR_NB,ECO_AGGREGATE_TOTAL,2012,469.75
GRC,BA:317,EAR_4MTH_SEX_ECO_CUR_NB,ECO_AGGREGATE_TOTAL,2007,1247.59
GRC,BA:317,EAR_4MTH_SEX_ECO_CUR_NB,ECO_AGGREGATE_TOTAL,2008,1315.29
GRC,BA:317,EAR_4MTH_SEX_ECO_CUR_NB,ECO_AGGREGATE_TOTAL,2009,1370.11
GRC,BA:317,EAR_4MTH_SEX_ECO_CUR_NB,ECO_AGGREGATE_TOTAL,2010,1359.35
GRC,BA:317,EAR_4MTH_SEX_ECO_CUR_NB,ECO_AGGREGATE_TOTAL,2011,1360
GRC,BA:317,EAR_4MTH_SEX_ECO_CUR_NB,ECO_AGGREGATE_TOTAL,2012,1252
GRC,BA:317,EAR_4MTH_SEX_ECO_CUR_NB,ECO_AGGREGATE_TOTAL,2013,1254.72
GRC,BA:317,EAR_4MTH_SEX_ECO_CUR_NB,ECO_AGGREGATE_TOTAL,2014,1283.95
GRC,BA:317,EAR_4MTH_SEX_ECO_CUR_NB,ECO_AGGREGATE_TOTAL,2015,1261.5
GRC,BA:317,EAR_4MTH_SEX_ECO_CUR_NB,ECO_AGGREGATE_TOTAL,2016,1302.58
GTM,FA:1203,EAR_4MTH_SEX_ECO_CUR_NB,ECO_AGGREGATE_TOTAL,1990,304.32
GTM,FA:1203,EAR_4MTH_SEX_ECO_CUR_NB,ECO_AGGREGATE_TOTAL,1991,301.15
GTM,FA:1203,EAR_4MTH_SEX_ECO_CUR_NB,ECO_AGGREGATE_TOTAL,1992,357.4
GTM,FA:1203,EAR_4MTH_SEX_ECO_CUR_NB,ECO_AGGREGATE_TOTAL,1993,399.31
GTM,FA:1203,EAR_4MTH_SEX_ECO_CUR_NB,ECO_AGGREGATE_TOTAL,1994,418.46
GTM,FA:1203,EAR_4MTH_SEX_ECO_CUR_NB,ECO_AGGREGATE_TOTAL,1995,481.87
GTM,FA:1203,EAR_4MTH_SEX_ECO_CUR_NB,ECO_AGGREGATE_TOTAL,1996,543.93
GTM,FA:1203,EAR_4MTH_SEX_ECO_CUR_NB,ECO_AGGREGATE_TOTAL,1997,571.97
GTM,FA:1203,EAR_4MTH_SEX_ECO_CUR_NB,ECO_AGGREGATE_TOTAL,1998,601.83
GTM,FA:1203,EAR_4MTH_SEX_ECO_CUR_NB,ECO_AGGREGATE_TOTAL,1999,650.62
GTM,FA:1203,EAR_4MTH_SEX_ECO_CUR_NB,ECO_AGGREGATE_TOTAL,2000,698.22
GTM,FA:1203,EAR_4MTH_SEX_ECO_CUR_NB,ECO_AGGREGATE_TOTAL,2001,721.58
GTM,FA:1203,EAR_4MTH_SEX_ECO_CUR_NB,ECO_AGGREGATE_TOTAL,2002,726.36
GTM,FA:1203,EAR_4MTH_SEX_ECO_CUR_NB,ECO_AGGREGATE_TOTAL,2003,746.19
GTM,FA:1203,EAR_4MTH_SEX_ECO_CUR_NB,ECO_AGGREGATE_TOTAL,2004,749.02
GTM,FA:1203,EAR_4MTH_SEX_ECO_CUR_NB,ECO_AGGREGATE_TOTAL,2005,743.6
GTM,FA:1203,EAR_4MTH_SEX_ECO_CUR_NB,ECO_AGGREGATE_TOTAL,2006,759.02
GTM,FA:1203,EAR_4MTH_SEX_ECO_CUR_NB,ECO_AGGREGATE_TOTAL,2007,763.53
GTM,FA:1203,EAR_4MTH_SEX_ECO_CUR_NB,ECO_AGGREGATE_TOTAL,2008,743.6
GTM,BA:660 (linked),EAR_4MTH_SEX_ECO_CUR_NB,ECO_AGGREGATE_TOTAL,2010,727.3
GTM,BA:660 (linked),EAR_4MTH_SEX_ECO_CUR_NB,ECO_AGGREGATE_TOTAL,2011,721.96
GTM,BA:660 (linked),EAR_4MTH_SEX_ECO_CUR_NB,ECO_AGGREGATE_TOTAL,2012,726.04
GTM,BA:660 (linked),EAR_4MTH_SEX_ECO_CUR_NB,ECO_AGGREGATE_TOTAL,2013,766.16
GTM,BA:660 (linked),EAR_4MTH_SEX_ECO_CUR_NB,ECO_AGGREGATE_TOTAL,2014,789.44
GTM,BA:660 (linked),EAR_4MTH_SEX_ECO_CUR_NB,ECO_AGGREGATE_TOTAL,2015,759.71
GTM,BA:660 (linked),EAR_4MTH_SEX_ECO_CUR_NB,ECO_AGGREGATE_TOTAL,2016,750.47
GUY,DA:1215,EAR_4MTH_SEX_ECO_CUR_NB,ECO_AGGREGATE_TOTAL,2003,537.12
GUY,DA:1215,EAR_4MTH_SEX_ECO_CUR_NB,ECO_AGGREGATE_TOTAL,2004,722.49
GUY,DA:1215,EAR_4MTH_SEX_ECO_CUR_NB,ECO_AGGREGATE_TOTAL,2006,572.7
GUY,DA:1215,EAR_4MTH_SEX_ECO_CUR_NB,ECO_AGGREGATE_TOTAL,2007,651.79
HKG,BA:231,EAR_4MTH_SEX_ECO_CUR_NB,ECO_AGGREGATE_TOTAL,2003,1680.83
HKG,BA:231,EAR_4MTH_SEX_ECO_CUR_NB,ECO_AGGREGATE_TOTAL,2004,1644.05
HKG,BA:231,EAR_4MTH_SEX_ECO_CUR_NB,ECO_AGGREGATE_TOTAL,2007,1810.21
HKG,BA:231,EAR_4MTH_SEX_ECO_CUR_NB,ECO_AGGREGATE_TOTAL,2010,1951.17
HKG,BA:231,EAR_4MTH_SEX_ECO_CUR_NB,ECO_AGGREGATE_TOTAL,2011,1911.88
HKG,BA:231,EAR_4MTH_SEX_ECO_CUR_NB,ECO_AGGREGATE_TOTAL,2013,2089.14
HKG,BA:231,EAR_4MTH_SEX_ECO_CUR_NB,ECO_AGGREGATE_TOTAL,2014,2097.34
HKG,BA:231,EAR_4MTH_SEX_ECO_CUR_NB,ECO_AGGREGATE_TOTAL,2015,2226.95
HKG,BA:231,EAR_4MTH_SEX_ECO_CUR_NB,ECO_AGGREGATE_TOTAL,2016,2326.01
HND,BX:504,EAR_4MTH_SEX_ECO_CUR_NB,ECO_AGGREGATE_TOTAL,2005,517.41
HND,BX:504,EAR_4MTH_SEX_ECO_CUR_NB,ECO_AGGREGATE_TOTAL,2006,548.76
HND,BX:504,EAR_4MTH_SEX_ECO_CUR_NB,ECO_AGGREGATE_TOTAL,2007,574.49
HND,BX:504,EAR_4MTH_SEX_ECO_CUR_NB,ECO_AGGREGATE_TOTAL,2008,609.19
HND,BX:504,EAR_4MTH_SEX_ECO_CUR_NB,ECO_AGGREGATE_TOTAL,2009,609.55
HND,BX:504,EAR_4MTH_SEX_ECO_CUR_NB,ECO_AGGREGATE_TOTAL,2010,629.66
HND,BX:504,EAR_4MTH_SEX_ECO_CUR_NB,ECO_AGGREGATE_TOTAL,2011,624.86
HND,BX:504,EAR_4MTH_SEX_ECO_CUR_NB,ECO_AGGREGATE_TOTAL,2012,641.2
HND,BX:504,EAR_4MTH_SEX_ECO_CUR_NB,ECO_AGGREGATE_TOTAL,2013,615.69
HND,BX:504,EAR_4MTH_SEX_ECO_CUR_NB,ECO_AGGREGATE_TOTAL,2014,594.48
HND,BX:504,EAR_4MTH_SEX_ECO_CUR_NB,ECO_AGGREGATE_TOTAL,2015,574.84
HND,BX:504,EAR_4MTH_SEX_ECO_CUR_NB,ECO_AGGREGATE_TOTAL,2016,597.62
HRV,DA:562,EAR_4MTH_SEX_ECO_CUR_NB,ECO_AGGREGATE_TOTAL,1993,283.04
HRV,DA:562,EAR_4MTH_SEX_ECO_CUR_NB,ECO_AGGREGATE_TOTAL,1994,332.09
HRV,DA:562,EAR_4MTH_SEX_ECO_CUR_NB,ECO_AGGREGATE_TOTAL,1995,478.82
HRV,DA:562,EAR_4MTH_SEX_ECO_CUR_NB,ECO_AGGREGATE_TOTAL,1996,841.29
HRV,DA:562,EAR_4MTH_SEX_ECO_CUR_NB,ECO_AGGREGATE_TOTAL,1997,926.59
HRV,DA:562,EAR_4MTH_SEX_ECO_CUR_NB,ECO_AGGREGATE_TOTAL,1998,996.93
HRV,DA:562,EAR_4MTH_SEX_ECO_CUR_NB,ECO_AGGREGATE_TOTAL,1999,1079.07
HRV,DA:562,EAR_4MTH_SEX_ECO_CUR_NB,ECO_AGGREGATE_TOTAL,2000,1135.81
HRV,DA:562,EAR_4MTH_SEX_ECO_CUR_NB,ECO_AGGREGATE_TOTAL,2001,1150.18
HRV,DA:562,EAR_4MTH_SEX_ECO_CUR_NB,ECO_AGGREGATE_TOTAL,2002,1223.83
HRV,DA:562,EAR_4MTH_SEX_ECO_CUR_NB,ECO_AGGREGATE_TOTAL,2003,1265.35
HRV,DA:562,EAR_4MTH_SEX_ECO_CUR_NB,ECO_AGGREGATE_TOTAL,2004,1321.63
HRV,DA:562,EAR_4MTH_SEX_ECO_CUR_NB,ECO_AGGREGATE_TOTAL,2005,1335.77
HRV,DA:562,EAR_4MTH_SEX_ECO_CUR_NB,ECO_AGGREGATE_TOTAL,2006,1436.85
HRV,DA:562,EAR_4MTH_SEX_ECO_CUR_NB,ECO_AGGREGATE_TOTAL,2007,1534.14
HRV,DA:562,EAR_4MTH_SEX_ECO_CUR_NB,ECO_AGGREGATE_TOTAL,2008,1675.61
HRV,DA:562,EAR_4MTH_SEX_ECO_CUR_NB,ECO_AGGREGATE_TOTAL,2009,1724.49
HRV,DA:562,EAR_4MTH_SEX_ECO_CUR_NB,ECO_AGGREGATE_TOTAL,2010,1752.54
HRV,DA:562,EAR_4MTH_SEX_ECO_CUR_NB,ECO_AGGREGATE_TOTAL,2011,1811.31
HTI,BB:14099,EAR_4MTH_SEX_ECO_CUR_NB,ECO_AGGREGATE_TOTAL,2012,235.81
HUN,CA:1237,EAR_4MTH_SEX_ECO_CUR_NB,ECO_AGGREGATE_TOTAL,1990,531.85
HUN,CA:1237,EAR_4MTH_SEX_ECO_CUR_NB,ECO_AGGREGATE_TOTAL,1991,525.56
HUN,CA:1237,EAR_4MTH_SEX_ECO_CUR_NB,ECO_AGGREGATE_TOTAL,1992,590.1
HUN,CA:1237,EAR_4MTH_SEX_ECO_CUR_NB,ECO_AGGREGATE_TOTAL,1993,616.5
HUN,CA:1237,EAR_4MTH_SEX_ECO_CUR_NB,ECO_AGGREGATE_TOTAL,1994,660.1
HUN,CA:1237,EAR_4MTH_SEX_ECO_CUR_NB,ECO_AGGREGATE_TOTAL,1995,614.18
HUN,CA:1237,EAR_4MTH_SEX_ECO_CUR_NB,ECO_AGGREGATE_TOTAL,1996,607.76
HUN,CA:1237,EAR_4MTH_SEX_ECO_CUR_NB,ECO_AGGREGATE_TOTAL,1997,644.1
HUN,CA:1237,EAR_4MTH_SEX_ECO_CUR_NB,ECO_AGGREGATE_TOTAL,1998,677.93
HUN,CA:1237,EAR_4MTH_SEX_ECO_CUR_NB,ECO_AGGREGATE_TOTAL,1999,708.5
HUN,CA:1237,EAR_4MTH_SEX_ECO_CUR_NB,ECO_AGGREGATE_TOTAL,2000,764.08
HUN,CA:1237,EAR_4MTH_SEX_ECO_CUR_NB,ECO_AGGREGATE_TOTAL,2001,853.85
HUN,CA:1237,EAR_4MTH_SEX_ECO_CUR_NB,ECO_AGGREGATE_TOTAL,2002,979.95
HUN,CA:1237,EAR_4MTH_SEX_ECO_CUR_NB,ECO_AGGREGATE_TOTAL,2003,1070.7
HUN,CA:1237,EAR_4MTH_SEX_ECO_CUR_NB,ECO_AGGREGATE_TOTAL,2004,1075.8
HUN,CA:1237,EAR_4MTH_SEX_ECO_CUR_NB,ECO_AGGREGATE_TOTAL,2005,1159.16
HUN,CA:1237,EAR_4MTH_SEX_ECO_CUR_NB,ECO_AGGREGATE_TOTAL,2006,1201.32
HUN,CA:1237,EAR_4MTH_SEX_ECO_CUR_NB,ECO_AGGREGATE_TOTAL,2007,1227.14
HUN,CA:1237,EAR_4MTH_SEX_ECO_CUR_NB,ECO_AGGREGATE_TOTAL,2008,1361.56
HUN,DA:3089,EAR_4MTH_SEX_ECO_CUR_NB,ECO_AGGREGATE_TOTAL,2010,1568.03
HUN,DA:3089,EAR_4MTH_SEX_ECO_CUR_NB,ECO_AGGREGATE_TOTAL,2011,1657.32
HUN,DA:3089,EAR_4MTH_SEX_ECO_CUR_NB,ECO_AGGREGATE_TOTAL,2012,1657.42
HUN,DA:3089,EAR_4MTH_SEX_ECO_CUR_NB,ECO_AGGREGATE_TOTAL,2013,1731.54
HUN,DA:3089,EAR_4MTH_SEX_ECO_CUR_NB,ECO_AGGREGATE_TOTAL,2014,1770.96
HUN,DA:3089,EAR_4MTH_SEX_ECO_CUR_NB,ECO_AGGREGATE_TOTAL,2015,1757.71
HUN,DA:3089,EAR_4MTH_SEX_ECO_CUR_NB,ECO_AGGREGATE_TOTAL,2016,1861.67
IDN,BA:510,EAR_4MTH_SEX_ECO_CUR_NB,ECO_AGGREGATE_TOTAL,1990,149.47
IDN,BA:510,EAR_4MTH_SEX_ECO_CUR_NB,ECO_AGGREGATE_TOTAL,2000,192.64
IDN,BA:510,EAR_4MTH_SEX_ECO_CUR_NB,ECO_AGGREGATE_TOTAL,2001,244.08
IDN,BA:510,EAR_4MTH_SEX_ECO_CUR_NB,ECO_AGGREGATE_TOTAL,2002,259.75
IDN,BA:510,EAR_4MTH_SEX_ECO_CUR_NB,ECO_AGGREGATE_TOTAL,2003,283.56
IDN,BA:510,EAR_4MTH_SEX_ECO_CUR_NB,ECO_AGGREGATE_TOTAL,2004,292.72
IDN,BA:510,EAR_4MTH_SEX_ECO_CUR_NB,ECO_AGGREGATE_TOTAL,2005,277.66
IDN,BA:510,EAR_4MTH_SEX_ECO_CUR_NB,ECO_AGGREGATE_TOTAL,2006,296.13
IDN,BA:510,EAR_4MTH_SEX_ECO_CUR_NB,ECO_AGGREGATE_TOTAL,2007,309.29
IDN,BA:510,EAR_4MTH_SEX_ECO_CUR_NB,ECO_AGGREGATE_TOTAL,2008,308.96
IDN,BA:510,EAR_4MTH_SEX_ECO_CUR_NB,ECO_AGGREGATE_TOTAL,2009,337.4
IDN,BA:510,EAR_4MTH_SEX_ECO_CUR_NB,ECO_AGGREGATE_TOTAL,2010,343.29
IDN,BA:510,EAR_4MTH_SEX_ECO_CUR_NB,ECO_AGGREGATE_TOTAL,2011,325.73
IDN,BA:510,EAR_4MTH_SEX_ECO_CUR_NB,ECO_AGGREGATE_TOTAL,2012,339.32
IDN,BA:510,EAR_4MTH_SEX_ECO_CUR_NB,ECO_AGGREGATE_TOTAL,2013,359.62
IDN,BA:510,EAR_4MTH_SEX_ECO_CUR_NB,ECO_AGGREGATE_TOTAL,2014,371.27
IDN,BA:510,EAR_4MTH_SEX_ECO_CUR_NB,ECO_AGGREGATE_TOTAL,2015,372.81
IDN,BA:510,EAR_4MTH_SEX_ECO_CUR_NB,ECO_AGGREGATE_TOTAL,2016,426.51
IRL,DA:410,EAR_4MTH_SEX_ECO_CUR_NB,ECO_AGGREGATE_TOTAL,2008,2882.33
IRL,DA:410,EAR_4MTH_SEX_ECO_CUR_NB,ECO_AGGREGATE_TOTAL,2009,3050.19
IRL,DA:410,EAR_4MTH_SEX_ECO_CUR_NB,ECO_AGGREGATE_TOTAL,2010,3157.51
IRL,DA:410,EAR_4MTH_SEX_ECO_CUR_NB,ECO_AGGREGATE_TOTAL,2011,3143.16
IRL,DA:410,EAR_4MTH_SEX_ECO_CUR_NB,ECO_AGGREGATE_TOTAL,2012,3151.71
IRL,DA:410,EAR_4MTH_SEX_ECO_CUR_NB,ECO_AGGREGATE_TOTAL,2013,3140.86
IRL,DA:410,EAR_4MTH_SEX_ECO_CUR_NB,ECO_AGGREGATE_TOTAL,2014,3076.34
IRL,DA:410,EAR_4MTH_SEX_ECO_CUR_NB,ECO_AGGREGATE_TOTAL,2015,3086.28
IRL,DA:410,EAR_4MTH_SEX_ECO_CUR_NB,ECO_AGGREGATE_TOTAL,2016,3150.38
ISL,DA:2522,EAR_4MTH_SEX_ECO_CUR_NB,ECO_AGGREGATE_TOTAL,2009,3154.19
ISL,DA:2522,EAR_4MTH_SEX_ECO_CUR_NB,ECO_AGGREGATE_TOTAL,2010,3069.6
ISL,DA:2522,EAR_4MTH_SEX_ECO_CUR_NB,ECO_AGGREGATE_TOTAL,2011,3275.07
ISL,DA:2522,EAR_4MTH_SEX_ECO_CUR_NB,ECO_AGGREGATE_TOTAL,2012,3382.62
ISL,DA:2522,EAR_4MTH_SEX_ECO_CUR_NB,ECO_AGGREGATE_TOTAL,2013,3583.78
ISL,DA:2522,EAR_4MTH_SEX_ECO_CUR_NB,ECO_AGGREGATE_TOTAL,2014,3797.5
ISL,DA:2522,EAR_4MTH_SEX_ECO_CUR_NB,ECO_AGGREGATE_TOTAL,2015,3993.64
ISL,DA:2522,EAR_4MTH_SEX_ECO_CUR_NB,ECO_AGGREGATE_TOTAL,2016,4186.41
ISR,FA:714,EAR_4MTH_SEX_ECO_CUR_NB,ECO_AGGREGATE_TOTAL,1990,941.39
ISR,FA:714,EAR_4MTH_SEX_ECO_CUR_NB,ECO_AGGREGATE_TOTAL,1991,973.62
ISR,FA:714,EAR_4MTH_SEX_ECO_CUR_NB,ECO_AGGREGATE_TOTAL,1992,1015.75
ISR,FA:714,EAR_4MTH_SEX_ECO_CUR_NB,ECO_AGGREGATE_TOTAL,1993,1050.45
ISR,FA:714,EAR_4MTH_SEX_ECO_CUR_NB,ECO_AGGREGATE_TOTAL,1994,1084.31
ISR,FA:714,EAR_4MTH_SEX_ECO_CUR_NB,ECO_AGGREGATE_TOTAL,1995,1184.58
ISR,FA:714,EAR_4MTH_SEX_ECO_CUR_NB,ECO_AGGREGATE_TOTAL,1996,1274.74
ISR,FA:714,EAR_4MTH_SEX_ECO_CUR_NB,ECO_AGGREGATE_TOTAL,1997,1363.08
ISR,FA:714,EAR_4MTH_SEX_ECO_CUR_NB,ECO_AGGREGATE_TOTAL,1998,1402.54
ISR,FA:714,EAR_4MTH_SEX_ECO_CUR_NB,ECO_AGGREGATE_TOTAL,1999,1455.75
ISR,FA:714,EAR_4MTH_SEX_ECO_CUR_NB,ECO_AGGREGATE_TOTAL,2000,1686.18
ISR,FA:714,EAR_4MTH_SEX_ECO_CUR_NB,ECO_AGGREGATE_TOTAL,2001,1778.79
ISR,FA:714,EAR_4MTH_SEX_ECO_CUR_NB,ECO_AGGREGATE_TOTAL,2002,1723.89
ISR,FA:714,EAR_4MTH_SEX_ECO_CUR_NB,ECO_AGGREGATE_TOTAL,2003,1668.55
ISR,FA:714,EAR_4MTH_SEX_ECO_CUR_NB,ECO_AGGREGATE_TOTAL,2004,1751.95
ISR,FA:714,EAR_4MTH_SEX_ECO_CUR_NB,ECO_AGGREGATE_TOTAL,2005,1773.38
ISR,FA:714,EAR_4MTH_SEX_ECO_CUR_NB,ECO_AGGREGATE_TOTAL,2006,1793.06
ISR,FA:714,EAR_4MTH_SEX_ECO_CUR_NB,ECO_AGGREGATE_TOTAL,2007,1882.77
ISR,FA:714,EAR_4MTH_SEX_ECO_CUR_NB,ECO_AGGREGATE_TOTAL,2008,1867.12
ISR,BB:711,EAR_4MTH_SEX_ECO_CUR_NB,ECO_AGGREGATE_TOTAL,2009,1850.01
ISR,BB:711,EAR_4MTH_SEX_ECO_CUR_NB,ECO_AGGREGATE_TOTAL,2010,1861.98
ISR,BB:711,EAR_4MTH_SEX_ECO_CUR_NB,ECO_AGGREGATE_TOTAL,2011,1949.54
ISR,BB:711,EAR_4MTH_SEX_ECO_CUR_NB,ECO_AGGREGATE_TOTAL,2012,2135.64
ISR,BB:711,EAR_4MTH_SEX_ECO_CUR_NB,ECO_AGGREGATE_TOTAL,2013,2039.78
ISR,BB:711,EAR_4MTH_SEX_ECO_CUR_NB,ECO_AGGREGATE_TOTAL,2014,2036.23
ISR,BB:711,EAR_4MTH_SEX_ECO_CUR_NB,ECO_AGGREGATE_TOTAL,2015,2086.99
ISR,BB:711,EAR_4MTH_SEX_ECO_CUR_NB,ECO_AGGREGATE_TOTAL,2016,2234.94
ITA,DA:12945,EAR_4MTH_SEX_ECO_CUR_NB,ECO_AGGREGATE_TOTAL,2010,2791.32
ITA,DA:12945,EAR_4MTH_SEX_ECO_CUR_NB,ECO_AGGREGATE_TOTAL,2014,2978.13
ITA,DA:1286,EAR_4MTH_SEX_ECO_CUR_NB,ECO_AGGREGATE_TOTAL,2015,2562.32
ITA,DA:1286,EAR_4MTH_SEX_ECO_CUR_NB,ECO_AGGREGATE_TOTAL,2016,2675.09
JAM,DA:70,EAR_4MTH_SEX_ECO_CUR_NB,ECO_AGGREGATE_TOTAL,2001,302.74
JAM,DA:70,EAR_4MTH_SEX_ECO_CUR_NB,ECO_AGGREGATE_TOTAL,2002,310.16
JAM,DA:70,EAR_4MTH_SEX_ECO_CUR_NB,ECO_AGGREGATE_TOTAL,2003,1265.42
JAM,DA:70,EAR_4MTH_SEX_ECO_CUR_NB,ECO_AGGREGATE_TOTAL,2004,1221.44
JAM,DA:70,EAR_4MTH_SEX_ECO_CUR_NB,ECO_AGGREGATE_TOTAL,2005,1184.77
JAM,DA:70,EAR_4MTH_SEX_ECO_CUR_NB,ECO_AGGREGATE_TOTAL,2006,1266.34
JAM,DA:70,EAR_4MTH_SEX_ECO_CUR_NB,ECO_AGGREGATE_TOTAL,2007,1321.04
JAM,DA:70,EAR_4MTH_SEX_ECO_CUR_NB,ECO_AGGREGATE_TOTAL,2008,1286.85
JAM,DA:70,EAR_4MTH_SEX_ECO_CUR_NB,ECO_AGGREGATE_TOTAL,2009,1294.56
JAM,DA:70,EAR_4MTH_SEX_ECO_CUR_NB,ECO_AGGREGATE_TOTAL,2010,1154.21
JAM,DA:70,EAR_4MTH_SEX_ECO_CUR_NB,ECO_AGGREGATE_TOTAL,2013,1215.78
JOR,DA:1299,EAR_4MTH_SEX_ECO_CUR_NB,ECO_AGGREGATE_TOTAL,1990,447.54
JOR,DA:1299,EAR_4MTH_SEX_ECO_CUR_NB,ECO_AGGREGATE_TOTAL,1991,431.32
JOR,DA:1299,EAR_4MTH_SEX_ECO_CUR_NB,ECO_AGGREGATE_TOTAL,1992,460.18
JOR,DA:1299,EAR_4MTH_SEX_ECO_CUR_NB,ECO_AGGREGATE_TOTAL,1993,481.48
JOR,DA:1299,EAR_4MTH_SEX_ECO_CUR_NB,ECO_AGGREGATE_TOTAL,2016,1485.7
JPN,DA:1304,EAR_4MTH_SEX_ECO_CUR_NB,ECO_AGGREGATE_TOTAL,1993,1371.93
JPN,DA:1304,EAR_4MTH_SEX_ECO_CUR_NB,ECO_AGGREGATE_TOTAL,1994,1425.54
JPN,DA:1304,EAR_4MTH_SEX_ECO_CUR_NB,ECO_AGGREGATE_TOTAL,1995,1475.43
JPN,DA:1304,EAR_4MTH_SEX_ECO_CUR_NB,ECO_AGGREGATE_TOTAL,1996,1528.55
JPN,DA:1304,EAR_4MTH_SEX_ECO_CUR_NB,ECO_AGGREGATE_TOTAL,1997,1554.63
JPN,DA:1304,EAR_4MTH_SEX_ECO_CUR_NB,ECO_AGGREGATE_TOTAL,1998,1568.2
JPN,DA:260,EAR_4MTH_SEX_ECO_CUR_NB,ECO_AGGREGATE_TOTAL,2009,2357.82
JPN,DA:260,EAR_4MTH_SEX_ECO_CUR_NB,ECO_AGGREGATE_TOTAL,2010,2447.32
JPN,DA:260,EAR_4MTH_SEX_ECO_CUR_NB,ECO_AGGREGATE_TOTAL,2011,2556.35
JPN,DA:260,EAR_4MTH_SEX_ECO_CUR_NB,ECO_AGGREGATE_TOTAL,2012,2642.36
JPN,DA:260,EAR_4MTH_SEX_ECO_CUR_NB,ECO_AGGREGATE_TOTAL,2013,2774.17
JPN,DA:260,EAR_4MTH_SEX_ECO_CUR_NB,ECO_AGGREGATE_TOTAL,2014,2744.05
JPN,DA:260,EAR_4MTH_SEX_ECO_CUR_NB,ECO_AGGREGATE_TOTAL,2015,2789.94
JPN,DA:260,EAR_4MTH_SEX_ECO_CUR_NB,ECO_AGGREGATE_TOTAL,2016,2782.68
KAZ,DA:1306,EAR_4MTH_SEX_ECO_CUR_NB,ECO_AGGREGATE_TOTAL,1993,300.96
KAZ,DA:1306,EAR_4MTH_SEX_ECO_CUR_NB,ECO_AGGREGATE_TOTAL,1994,120.08
KAZ,DA:1306,EAR_4MTH_SEX_ECO_CUR_NB,ECO_AGGREGATE_TOTAL,1995,103.01
KAZ,DA:1306,EAR_4MTH_SEX_ECO_CUR_NB,ECO_AGGREGATE_TOTAL,1996,111.85
KAZ,DA:1306,EAR_4MTH_SEX_ECO_CUR_NB,ECO_AGGREGATE_TOTAL,1997,107.57
KAZ,DA:1306,EAR_4MTH_SEX_ECO_CUR_NB,ECO_AGGREGATE_TOTAL,1998,254.77
KAZ,DA:1306,EAR_4MTH_SEX_ECO_CUR_NB,ECO_AGGREGATE_TOTAL,1999,294.55
KAZ,DA:1306,EAR_4MTH_SEX_ECO_CUR_NB,ECO_AGGREGATE_TOTAL,2000,325.95
KAZ,DA:1306,EAR_4MTH_SEX_ECO_CUR_NB,ECO_AGGREGATE_TOTAL,2001,372.35
KAZ,DA:1306,EAR_4MTH_SEX_ECO_CUR_NB,ECO_AGGREGATE_TOTAL,2002,419.78
KAZ,DA:1306,EAR_4MTH_SEX_ECO_CUR_NB,ECO_AGGREGATE_TOTAL,2003,459.01
KAZ,DA:1306,EAR_4MTH_SEX_ECO_CUR_NB,ECO_AGGREGATE_TOTAL,2004,540.11
KAZ,DA:1306,EAR_4MTH_SEX_ECO_CUR_NB,ECO_AGGREGATE_TOTAL,2005,619.46
KAZ,DA:1306,EAR_4MTH_SEX_ECO_CUR_NB,ECO_AGGREGATE_TOTAL,2006,709.81
KAZ,DA:1306,EAR_4MTH_SEX_ECO_CUR_NB,ECO_AGGREGATE_TOTAL,2007,847.49
KAZ,DA:1306,EAR_4MTH_SEX_ECO_CUR_NB,ECO_AGGREGATE_TOTAL,2008,870.1
KAZ,FK:613,EAR_4MTH_SEX_ECO_CUR_NB,ECO_AGGREGATE_TOTAL,2009,894.63
KAZ,FK:613,EAR_4MTH_SEX_ECO_CUR_NB,ECO_AGGREGATE_TOTAL,2010,975.89
KAZ,FK:613,EAR_4MTH_SEX_ECO_CUR_NB,ECO_AGGREGATE_TOTAL,2011,1076.74
KAZ,FK:613,EAR_4MTH_SEX_ECO_CUR_NB,ECO_AGGREGATE_TOTAL,2012,1175.12
KAZ,FK:613,EAR_4MTH_SEX_ECO_CUR_NB,ECO_AGGREGATE_TOTAL,2013,1213
KAZ,FK:613,EAR_4MTH_SEX_ECO_CUR_NB,ECO_AGGREGATE_TOTAL,2014,1279.24
KAZ,FK:613,EAR_4MTH_SEX_ECO_CUR_NB,ECO_AGGREGATE_TOTAL,2015,1250.18
KAZ,FK:613,EAR_4MTH_SEX_ECO_CUR_NB,ECO_AGGREGATE_TOTAL,2016,1255.23
KEN,CA:1312,EAR_4MTH_SEX_ECO_CUR_NB,ECO_AGGREGATE_TOTAL,1990,669.79
KEN,CA:1312,EAR_4MTH_SEX_ECO_CUR_NB,ECO_AGGREGATE_TOTAL,1991,635.3
KEN,CA:1312,EAR_4MTH_SEX_ECO_CUR_NB,ECO_AGGREGATE_TOTAL,1994,361.92
KEN,CA:1312,EAR_4MTH_SEX_ECO_CUR_NB,ECO_AGGREGATE_TOTAL,1995,446.75
KEN,CA:1312,EAR_4MTH_SEX_ECO_CUR_NB,ECO_AGGREGATE_TOTAL,1997,419.7
KGZ,DA:1316,EAR_4MTH_SEX_ECO_CUR_NB,ECO_AGGREGATE_TOTAL,1995,99.09
KGZ,DA:1316,EAR_4MTH_SEX_ECO_CUR_NB,ECO_AGGREGATE_TOTAL,1996,103.06
KGZ,DA:1316,EAR_4MTH_SEX_ECO_CUR_NB,ECO_AGGREGATE_TOTAL,1997,118.4
KGZ,DA:1316,EAR_4MTH_SEX_ECO_CUR_NB,ECO_AGGREGATE_TOTAL,1998,134.52
KGZ,DA:1316,EAR_4MTH_SEX_ECO_CUR_NB,ECO_AGGREGATE_TOTAL,1999,125.29
KGZ,DA:1316,EAR_4MTH_SEX_ECO_CUR_NB,ECO_AGGREGATE_TOTAL,2000,127.52
KGZ,DA:1316,EAR_4MTH_SEX_ECO_CUR_NB,ECO_AGGREGATE_TOTAL,2001,145.44
KGZ,DA:1316,EAR_4MTH_SEX_ECO_CUR_NB,ECO_AGGREGATE_TOTAL,2002,167.45
KGZ,DA:1316,EAR_4MTH_SEX_ECO_CUR_NB,ECO_AGGREGATE_TOTAL,2003,189.18
KGZ,DA:1316,EAR_4MTH_SEX_ECO_CUR_NB,ECO_AGGREGATE_TOTAL,2004,218.12
KGZ,DA:1316,EAR_4MTH_SEX_ECO_CUR_NB,ECO_AGGREGATE_TOTAL,2005,252.04
KGZ,DA:1316,EAR_4MTH_SEX_ECO_CUR_NB,ECO_AGGREGATE_TOTAL,2006,308.58
KGZ,DA:1316,EAR_4MTH_SEX_ECO_CUR_NB,ECO_AGGREGATE_TOTAL,2007,349.56
KGZ,DA:1316,EAR_4MTH_SEX_ECO_CUR_NB,ECO_AGGREGATE_TOTAL,2008,394.89
KGZ,DA:1316,EAR_4MTH_SEX_ECO_CUR_NB,ECO_AGGREGATE_TOTAL,2009,421.95
KGZ,DA:1316,EAR_4MTH_SEX_ECO_CUR_NB,ECO_AGGREGATE_TOTAL,2013,571.36
KGZ,DA:1316,EAR_4MTH_SEX_ECO_CUR_NB,ECO_AGGREGATE_TOTAL,2014,586.55
KGZ,DA:1316,EAR_4MTH_SEX_ECO_CUR_NB,ECO_AGGREGATE_TOTAL,2015,608.82
KGZ,DA:1316,EAR_4MTH_SEX_ECO_CUR_NB,ECO_AGGREGATE_TOTAL,2016,648.52
KHM,BA:1321 (linked),EAR_4MTH_SEX_ECO_CUR_NB,ECO_AGGREGATE_TOTAL,2000,125.12
KHM,BA:1321 (linked),EAR_4MTH_SEX_ECO_CUR_NB,ECO_AGGREGATE_TOTAL,2001,130.2
KHM,BB:3064,EAR_4MTH_SEX_ECO_CUR_NB,ECO_AGGREGATE_TOTAL,2007,254.32
KHM,BB:3064,EAR_4MTH_SEX_ECO_CUR_NB,ECO_AGGREGATE_TOTAL,2008,232.59
KHM,BB:3064,EAR_4MTH_SEX_ECO_CUR_NB,ECO_AGGREGATE_TOTAL,2009,234.22
KHM,BB:3064,EAR_4MTH_SEX_ECO_CUR_NB,ECO_AGGREGATE_TOTAL,2010,252.43
KHM,BB:3064,EAR_4MTH_SEX_ECO_CUR_NB,ECO_AGGREGATE_TOTAL,2011,266.66
KHM,BB:3064,EAR_4MTH_SEX_ECO_CUR_NB,ECO_AGGREGATE_TOTAL,2012,283.42
KHM,BB:3064,EAR_4MTH_SEX_ECO_CUR_NB,ECO_AGGREGATE_TOTAL,2013,319.2
KHM,BB:3064,EAR_4MTH_SEX_ECO_CUR_NB,ECO_AGGREGATE_TOTAL,2014,391.51
KHM,BB:3064,EAR_4MTH_SEX_ECO_CUR_NB,ECO_AGGREGATE_TOTAL,2015,413.7
KHM,BB:3064,EAR_4MTH_SEX_ECO_CUR_NB,ECO_AGGREGATE_TOTAL,2016,453.36
KOR,DA:224,EAR_4MTH_SEX_ECO_CUR_NB,ECO_AGGREGATE_TOTAL,1990,1239.16
KOR,DA:224,EAR_4MTH_SEX_ECO_CUR_NB,ECO_AGGREGATE_TOTAL,1991,1353.75
KOR,DA:224,EAR_4MTH_SEX_ECO_CUR_NB,ECO_AGGREGATE_TOTAL,1992,1478.29
KOR,DA:224,EAR_4MTH_SEX_ECO_CUR_NB,ECO_AGGREGATE_TOTAL,2009,3010.88
KOR,DA:224,EAR_4MTH_SEX_ECO_CUR_NB,ECO_AGGREGATE_TOTAL,2010,3068.82
KOR,DA:224,EAR_4MTH_SEX_ECO_CUR_NB,ECO_AGGREGATE_TOTAL,2011,3196.99
KOR,DA:224,EAR_4MTH_SEX_ECO_CUR_NB,ECO_AGGREGATE_TOTAL,2012,3276.11
KOR,DA:224,EAR_4MTH_SEX_ECO_CUR_NB,ECO_AGGREGATE_TOTAL,2013,3191.95
KOR,DA:224,EAR_4MTH_SEX_ECO_CUR_NB,ECO_AGGREGATE_TOTAL,2014,3252.26
KOR,DA:224,EAR_4MTH_SEX_ECO_CUR_NB,ECO_AGGREGATE_TOTAL,2015,3406.34
KOR,DA:224,EAR_4MTH_SEX_ECO_CUR_NB,ECO_AGGREGATE_TOTAL,2016,3486.47
KOS,FX:701,EAR_4MTH_SEX_ECO_CUR_NB,ECO_AGGREGATE_TOTAL,2009,821.78
KOS,FX:701,EAR_4MTH_SEX_ECO_CUR_NB,ECO_AGGREGATE_TOTAL,2010,926.75
KOS,FX:701,EAR_4MTH_SEX_ECO_CUR_NB,ECO_AGGREGATE_TOTAL,2012,1010.17
KOS,FX:701,EAR_4MTH_SEX_ECO_CUR_NB,ECO_AGGREGATE_TOTAL,2013,1015.73
KOS,FX:701,EAR_4MTH_SEX_ECO_CUR_NB,ECO_AGGREGATE_TOTAL,2014,1177.92
KOS,FX:701,EAR_4MTH_SEX_ECO_CUR_NB,ECO_AGGREGATE_TOTAL,2015,1281.59
KOS,FX:701,EAR_4MTH_SEX_ECO_CUR_NB,ECO_AGGREGATE_TOTAL,2016,1317.7
KWT,DA:1335,EAR_4MTH_SEX_ECO_CUR_NB,ECO_AGGREGATE_TOTAL,2015,1839.82
KWT,DA:1335,EAR_4MTH_SEX_ECO_CUR_NB,ECO_AGGREGATE_TOTAL,2016,1795.12
LAO,BA:6651,EAR_4MTH_SEX_ECO_CUR_NB,ECO_AGGREGATE_TOTAL,2010,571.36
LBR,BA:16,EAR_4MTH_SEX_ECO_CUR_NB,ECO_AGGREGATE_TOTAL,2010,616.24
LBR,BX:6377,EAR_4MTH_SEX_ECO_CUR_NB,ECO_AGGREGATE_TOTAL,2012,9378.35
LBR,BX:6377,EAR_4MTH_SEX_ECO_CUR_NB,ECO_AGGREGATE_TOTAL,2014,11297.79
LKA,BA:1359,EAR_4MTH_SEX_ECO_CUR_NB,ECO_AGGREGATE_TOTAL,2009,324.88
LKA,BA:1359,EAR_4MTH_SEX_ECO_CUR_NB,ECO_AGGREGATE_TOTAL,2010,336.92
LKA,BA:1359,EAR_4MTH_SEX_ECO_CUR_NB,ECO_AGGREGATE_TOTAL,2011,360.69
LKA,BA:1359,EAR_4MTH_SEX_ECO_CUR_NB,ECO_AGGREGATE_TOTAL,2013,409.9
LKA,BA:1359,EAR_4MTH_SEX_ECO_CUR_NB,ECO_AGGREGATE_TOTAL,2014,436.55
LKA,BA:1359,EAR_4MTH_SEX_ECO_CUR_NB,ECO_AGGREGATE_TOTAL,2015,489.41
LKA,BA:1359,EAR_4MTH_SEX_ECO_CUR_NB,ECO_AGGREGATE_TOTAL,2016,535.01
LTU,DA:12956,EAR_4MTH_SEX_ECO_CUR_NB,ECO_AGGREGATE_TOTAL,2010,1101.53
LTU,DA:12956,EAR_4MTH_SEX_ECO_CUR_NB,ECO_AGGREGATE_TOTAL,2014,1412.32
LUX,FA:189,EAR_4MTH_SEX_ECO_CUR_NB,ECO_AGGREGATE_TOTAL,2009,4272.68
LUX,FA:189,EAR_4MTH_SEX_ECO_CUR_NB,ECO_AGGREGATE_TOTAL,2010,4313.07
LUX,FA:189,EAR_4MTH_SEX_ECO_CUR_NB,ECO_AGGREGATE_TOTAL,2011,4426.42
LUX,FA:189,EAR_4MTH_SEX_ECO_CUR_NB,ECO_AGGREGATE_TOTAL,2012,4466.02
LUX,FA:189,EAR_4MTH_SEX_ECO_CUR_NB,ECO_AGGREGATE_TOTAL,2013,4638.33
LUX,FA:189,EAR_4MTH_SEX_ECO_CUR_NB,ECO_AGGREGATE_TOTAL,2014,4784.3
LUX,FA:189,EAR_4MTH_SEX_ECO_CUR_NB,ECO_AGGREGATE_TOTAL,2015,4841.23
LUX,FA:189,EAR_4MTH_SEX_ECO_CUR_NB,ECO_AGGREGATE_TOTAL,2016,4875.93
LVA,DA:12955,EAR_4MTH_SEX_ECO_CUR_NB,ECO_AGGREGATE_TOTAL,2010,1109.07
LVA,DA:12955,EAR_4MTH_SEX_ECO_CUR_NB,ECO_AGGREGATE_TOTAL,2014,1414.77
MAC,BA:241,EAR_4MTH_SEX_ECO_CUR_NB,ECO_AGGREGATE_TOTAL,1990,543.06
MAC,BA:241,EAR_4MTH_SEX_ECO_CUR_NB,ECO_AGGREGATE_TOTAL,1991,581.78
MAC,BA:241,EAR_4MTH_SEX_ECO_CUR_NB,ECO_AGGREGATE_TOTAL,1992,669.26
MAC,BA:241,EAR_4MTH_SEX_ECO_CUR_NB,ECO_AGGREGATE_TOTAL,1993,750.47
MAC,BA:241,EAR_4MTH_SEX_ECO_CUR_NB,ECO_AGGREGATE_TOTAL,1994,797.22
MAC,BA:241,EAR_4MTH_SEX_ECO_CUR_NB,ECO_AGGREGATE_TOTAL,1995,815.02
MAC,BA:241,EAR_4MTH_SEX_ECO_CUR_NB,ECO_AGGREGATE_TOTAL,1996,813.89
MAC,BA:241,EAR_4MTH_SEX_ECO_CUR_NB,ECO_AGGREGATE_TOTAL,1997,855.1
MAC,BA:241,EAR_4MTH_SEX_ECO_CUR_NB,ECO_AGGREGATE_TOTAL,2009,1614.5
MAC,BA:241,EAR_4MTH_SEX_ECO_CUR_NB,ECO_AGGREGATE_TOTAL,2010,1671.24
MAC,BA:241,EAR_4MTH_SEX_ECO_CUR_NB,ECO_AGGREGATE_TOTAL,2011,1830.81
MAC,BA:241,EAR_4MTH_SEX_ECO_CUR_NB,ECO_AGGREGATE_TOTAL,2012,1937.23
MAC,BA:241,EAR_4MTH_SEX_ECO_CUR_NB,ECO_AGGREGATE_TOTAL,2013,2032.38
MAC,BA:241,EAR_4MTH_SEX_ECO_CUR_NB,ECO_AGGREGATE_TOTAL,2014,2109.92
MAC,BA:241,EAR_4MTH_SEX_ECO_CUR_NB,ECO_AGGREGATE_TOTAL,2015,2331.12
MAC,BA:241,EAR_4MTH_SEX_ECO_CUR_NB,ECO_AGGREGATE_TOTAL,2016,2305.88
MDA,DA:1390,EAR_4MTH_SEX_ECO_CUR_NB,ECO_AGGREGATE_TOTAL,1993,208.63
MDA,DA:1390,EAR_4MTH_SEX_ECO_CUR_NB,ECO_AGGREGATE_TOTAL,1994,123.52
MDA,DA:1390,EAR_4MTH_SEX_ECO_CUR_NB,ECO_AGGREGATE_TOTAL,1995,151.85
MDA,DA:1390,EAR_4MTH_SEX_ECO_CUR_NB,ECO_AGGREGATE_TOTAL,1996,141.7
MDA,DA:1390,EAR_4MTH_SEX_ECO_CUR_NB,ECO_AGGREGATE_TOTAL,1997,152.42
MDA,DA:1390,EAR_4MTH_SEX_ECO_CUR_NB,ECO_AGGREGATE_TOTAL,1998,163.73
MDA,DA:1390,EAR_4MTH_SEX_ECO_CUR_NB,ECO_AGGREGATE_TOTAL,1999,146.15
MDA,DA:1390,EAR_4MTH_SEX_ECO_CUR_NB,ECO_AGGREGATE_TOTAL,2000,154.1
MDA,DA:1390,EAR_4MTH_SEX_ECO_CUR_NB,ECO_AGGREGATE_TOTAL,2001,192.42
MDA,DA:1390,EAR_4MTH_SEX_ECO_CUR_NB,ECO_AGGREGATE_TOTAL,2002,236.09
MDA,DA:1390,EAR_4MTH_SEX_ECO_CUR_NB,ECO_AGGREGATE_TOTAL,2003,278.34
MDA,DA:1390,EAR_4MTH_SEX_ECO_CUR_NB,ECO_AGGREGATE_TOTAL,2004,314.52
MDA,DA:1390,EAR_4MTH_SEX_ECO_CUR_NB,ECO_AGGREGATE_TOTAL,2005,347.22
MDA,DA:1390,EAR_4MTH_SEX_ECO_CUR_NB,ECO_AGGREGATE_TOTAL,2006,409.01
MDA,DA:1390,EAR_4MTH_SEX_ECO_CUR_NB,ECO_AGGREGATE_TOTAL,2007,455.53
MDA,DA:1390,EAR_4MTH_SEX_ECO_CUR_NB,ECO_AGGREGATE_TOTAL,2008,513.79
MDA,DA:1390,EAR_4MTH_SEX_ECO_CUR_NB,ECO_AGGREGATE_TOTAL,2009,556.41
MDA,DA:1390,EAR_4MTH_SEX_ECO_CUR_NB,ECO_AGGREGATE_TOTAL,2010,569.07
MDA,DA:1390,EAR_4MTH_SEX_ECO_CUR_NB,ECO_AGGREGATE_TOTAL,2011,558.03
MDA,DA:1390,EAR_4MTH_SEX_ECO_CUR_NB,ECO_AGGREGATE_TOTAL,2012,622.84
MDA,DA:1390,EAR_4MTH_SEX_ECO_CUR_NB,ECO_AGGREGATE_TOTAL,2013,638.32
MDA,DA:1390,EAR_4MTH_SEX_ECO_CUR_NB,ECO_AGGREGATE_TOTAL,2014,687.07
MDA,DA:1390,EAR_4MTH_SEX_ECO_CUR_NB,ECO_AGGREGATE_TOTAL,2015,696.01
MDA,DA:1390,EAR_4MTH_SEX_ECO_CUR_NB,ECO_AGGREGATE_TOTAL,2016,729.73
MDG,BA:7423,EAR_4MTH_SEX_ECO_CUR_NB,ECO_AGGREGATE_TOTAL,2012,203.37
MDG,BA:7423,EAR_4MTH_SEX_ECO_CUR_NB,ECO_AGGREGATE_TOTAL,2015,245.6
MDV,BB:704,EAR_4MTH_SEX_ECO_CUR_NB,ECO_AGGREGATE_TOTAL,2016,902.12
MEX,BA:463,EAR_4MTH_SEX_ECO_CUR_NB,ECO_AGGREGATE_TOTAL,1991,454.89
MEX,BA:463,EAR_4MTH_SEX_ECO_CUR_NB,ECO_AGGREGATE_TOTAL,1993,434.35
MEX,BA:463,EAR_4MTH_SEX_ECO_CUR_NB,ECO_AGGREGATE_TOTAL,1995,387.44
MEX,BA:463,EAR_4MTH_SEX_ECO_CUR_NB,ECO_AGGREGATE_TOTAL,1996,342.1
MEX,BA:463,EAR_4MTH_SEX_ECO_CUR_NB,ECO_AGGREGATE_TOTAL,1997,358.85
MEX,BA:463,EAR_4MTH_SEX_ECO_CUR_NB,ECO_AGGREGATE_TOTAL,1998,372.36
MEX,BA:463,EAR_4MTH_SEX_ECO_CUR_NB,ECO_AGGREGATE_TOTAL,1999,383.13
MEX,BA:463,EAR_4MTH_SEX_ECO_CUR_NB,ECO_AGGREGATE_TOTAL,2000,435.35
MEX,BA:463,EAR_4MTH_SEX_ECO_CUR_NB,ECO_AGGREGATE_TOTAL,2001,479.79
MEX,BA:463,EAR_4MTH_SEX_ECO_CUR_NB,ECO_AGGREGATE_TOTAL,2002,503.23
MEX,BA:463,EAR_4MTH_SEX_ECO_CUR_NB,ECO_AGGREGATE_TOTAL,2003,526.89
MEX,BA:463,EAR_4MTH_SEX_ECO_CUR_NB,ECO_AGGREGATE_TOTAL,2004,540.22
MEX,BA:463,EAR_4MTH_SEX_ECO_CUR_NB,ECO_AGGREGATE_TOTAL,2005,555.92
MEX,BA:463,EAR_4MTH_SEX_ECO_CUR_NB,ECO_AGGREGATE_TOTAL,2006,585.71
MEX,BA:463,EAR_4MTH_SEX_ECO_CUR_NB,ECO_AGGREGATE_TOTAL,2007,595.69
MEX,BA:463,EAR_4MTH_SEX_ECO_CUR_NB,ECO_AGGREGATE_TOTAL,2008,596.16
MEX,BA:463,EAR_4MTH_SEX_ECO_CUR_NB,ECO_AGGREGATE_TOTAL,2009,578.47
MEX,BA:463,EAR_4MTH_SEX_ECO_CUR_NB,ECO_AGGREGATE_TOTAL,2010,565.14
MEX,BA:463,EAR_4MTH_SEX_ECO_CUR_NB,ECO_AGGREGATE_TOTAL,2011,560.33
MEX,BA:463,EAR_4MTH_SEX_ECO_CUR_NB,ECO_AGGREGATE_TOTAL,2012,559.85
MEX,BA:463,EAR_4MTH_SEX_ECO_CUR_NB,ECO_AGGREGATE_TOTAL,2013,584.95
MEX,BA:463,EAR_4MTH_SEX_ECO_CUR_NB,ECO_AGGREGATE_TOTAL,2014,572.54
MEX,BA:463,EAR_4MTH_SEX_ECO_CUR_NB,ECO_AGGREGATE_TOTAL,2015,587.91
MEX,BA:463,EAR_4MTH_SEX_ECO_CUR_NB,ECO_AGGREGATE_TOTAL,2016,599.19
MKD,DA:3100,EAR_4MTH_SEX_ECO_CUR_NB,ECO_AGGREGATE_TOTAL,2001,421.49
MKD,DA:3100,EAR_4MTH_SEX_ECO_CUR_NB,ECO_AGGREGATE_TOTAL,2002,461.6
MKD,DA:3100,EAR_4MTH_SEX_ECO_CUR_NB,ECO_AGGREGATE_TOTAL,2003,478.1
MKD,DA:3100,EAR_4MTH_SEX_ECO_CUR_NB,ECO_AGGREGATE_TOTAL,2004,503.23
MKD,DA:3100,EAR_4MTH_SEX_ECO_CUR_NB,ECO_AGGREGATE_TOTAL,2005,517
MKD,DA:3100,EAR_4MTH_SEX_ECO_CUR_NB,ECO_AGGREGATE_TOTAL,2006,548.75
MKD,DA:3100,EAR_4MTH_SEX_ECO_CUR_NB,ECO_AGGREGATE_TOTAL,2007,585.06
MKD,DA:3100,EAR_4MTH_SEX_ECO_CUR_NB,ECO_AGGREGATE_TOTAL,2008,647.98
MKD,DA:3100,EAR_4MTH_SEX_ECO_CUR_NB,ECO_AGGREGATE_TOTAL,2009,1270.96
MKD,DA:3100,EAR_4MTH_SEX_ECO_CUR_NB,ECO_AGGREGATE_TOTAL,2010,1285.04
MKD,DA:2601 (linked),EAR_4MTH_SEX_ECO_CUR_NB,ECO_AGGREGATE_TOTAL,2014,1305.95
MLI,BA:219,EAR_4MTH_SEX_ECO_CUR_NB,ECO_AGGREGATE_TOTAL,2014,327
MLI,BA:219,EAR_4MTH_SEX_ECO_CUR_NB,ECO_AGGREGATE_TOTAL,2015,286.48
MLI,BA:219,EAR_4MTH_SEX_ECO_CUR_NB,ECO_AGGREGATE_TOTAL,2016,320.31
MLT,BB:342,EAR_4MTH_SEX_ECO_CUR_NB,ECO_AGGREGATE_TOTAL,2009,2237.64
MLT,BB:342,EAR_4MTH_SEX_ECO_CUR_NB,ECO_AGGREGATE_TOTAL,2010,2356.92
MLT,DA:12953 (linked),EAR_4MTH_SEX_ECO_CUR_NB,ECO_AGGREGATE_TOTAL,2014,2703.42
MMR,BA:7009,EAR_4MTH_SEX_ECO_CUR_NB,ECO_AGGREGATE_TOTAL,2015,388.72
MNE,DA:470,EAR_4MTH_SEX_ECO_CUR_NB,ECO_AGGREGATE_TOTAL,2007,1054.71
MNE,DA:470,EAR_4MTH_SEX_ECO_CUR_NB,ECO_AGGREGATE_TOTAL,2008,1241.48
MNE,DA:470,EAR_4MTH_SEX_ECO_CUR_NB,ECO_AGGREGATE_TOTAL,2009,1344.44
MNE,DA:470,EAR_4MTH_SEX_ECO_CUR_NB,ECO_AGGREGATE_TOTAL,2010,1561.67
MNE,DA:470,EAR_4MTH_SEX_ECO_CUR_NB,ECO_AGGREGATE_TOTAL,2011,1617.2
MNE,DA:470,EAR_4MTH_SEX_ECO_CUR_NB,ECO_AGGREGATE_TOTAL,2012,1596.09
MNE,DA:13001,EAR_4MTH_SEX_ECO_CUR_NB,ECO_AGGREGATE_TOTAL,2014,1648.25
MNE,DA:470,EAR_4MTH_SEX_ECO_CUR_NB,ECO_AGGREGATE_TOTAL,2015,1658.37
MNG,DA:703,EAR_4MTH_SEX_ECO_CUR_NB,ECO_AGGREGATE_TOTAL,2000,210.4
MNG,DA:703,EAR_4MTH_SEX_ECO_CUR_NB,ECO_AGGREGATE_TOTAL,2001,213.04
MNG,DA:703,EAR_4MTH_SEX_ECO_CUR_NB,ECO_AGGREGATE_TOTAL,2002,234.52
MNG,DA:703,EAR_4MTH_SEX_ECO_CUR_NB,ECO_AGGREGATE_TOTAL,2003,260.78
MNG,DA:703,EAR_4MTH_SEX_ECO_CUR_NB,ECO_AGGREGATE_TOTAL,2004,282.58
MNG,DA:703,EAR_4MTH_SEX_ECO_CUR_NB,ECO_AGGREGATE_TOTAL,2005,281.76
MNG,DA:703,EAR_4MTH_SEX_ECO_CUR_NB,ECO_AGGREGATE_TOTAL,2006,349.21
MNG,DA:703,EAR_4MTH_SEX_ECO_CUR_NB,ECO_AGGREGATE_TOTAL,2007,443.84
MNG,DA:703,EAR_4MTH_SEX_ECO_CUR_NB,ECO_AGGREGATE_TOTAL,2008,570.81
MUS,BA:82,EAR_4MTH_SEX_ECO_CUR_NB,ECO_AGGREGATE_TOTAL,2001,535.55
MUS,BA:82,EAR_4MTH_SEX_ECO_CUR_NB,ECO_AGGREGATE_TOTAL,2002,538.48
MUS,BA:82,EAR_4MTH_SEX_ECO_CUR_NB,ECO_AGGREGATE_TOTAL,2003,569.52
MUS,BA:82,EAR_4MTH_SEX_ECO_CUR_NB,ECO_AGGREGATE_TOTAL,2004,589.62
MUS,BA:82,EAR_4MTH_SEX_ECO_CUR_NB,ECO_AGGREGATE_TOTAL,2005,668.24
MUS,BA:82,EAR_4MTH_SEX_ECO_CUR_NB,ECO_AGGREGATE_TOTAL,2006,638.86
MUS,BA:82,EAR_4MTH_SEX_ECO_CUR_NB,ECO_AGGREGATE_TOTAL,2007,638.46
MUS,BA:82,EAR_4MTH_SEX_ECO_CUR_NB,ECO_AGGREGATE_TOTAL,2008,689.18
MUS,BA:82,EAR_4MTH_SEX_ECO_CUR_NB,ECO_AGGREGATE_TOTAL,2009,763.02
MUS,BA:82,EAR_4MTH_SEX_ECO_CUR_NB,ECO_AGGREGATE_TOTAL,2010,802.46
MUS,BA:82,EAR_4MTH_SEX_ECO_CUR_NB,ECO_AGGREGATE_TOTAL,2011,807.92
MUS,BA:82,EAR_4MTH_SEX_ECO_CUR_NB,ECO_AGGREGATE_TOTAL,2012,839.05
MUS,BA:82,EAR_4MTH_SEX_ECO_CUR_NB,ECO_AGGREGATE_TOTAL,2013,882.07
MUS,BA:82,EAR_4MTH_SEX_ECO_CUR_NB,ECO_AGGREGATE_TOTAL,2014,981.82
MUS,BA:82,EAR_4MTH_SEX_ECO_CUR_NB,ECO_AGGREGATE_TOTAL,2015,1032.93
MUS,BA:82,EAR_4MTH_SEX_ECO_CUR_NB,ECO_AGGREGATE_TOTAL,2016,1039.08
MWI,DA:1449,EAR_4MTH_SEX_ECO_CUR_NB,ECO_AGGREGATE_TOTAL,1990,66.92
MWI,DA:1449,EAR_4MTH_SEX_ECO_CUR_NB,ECO_AGGREGATE_TOTAL,1991,38.83
MWI,DA:1449,EAR_4MTH_SEX_ECO_CUR_NB,ECO_AGGREGATE_TOTAL,1992,38.66
MWI,DA:1449,EAR_4MTH_SEX_ECO_CUR_NB,ECO_AGGREGATE_TOTAL,1993,35.87
MWI,DA:1449,EAR_4MTH_SEX_ECO_CUR_NB,ECO_AGGREGATE_TOTAL,1994,31.6
MWI,DA:1449,EAR_4MTH_SEX_ECO_CUR_NB,ECO_AGGREGATE_TOTAL,1995,19.85
MYS,DA:7341,EAR_4MTH_SEX_ECO_CUR_NB,ECO_AGGREGATE_TOTAL,2011,1140.54
MYS,DA:7341,EAR_4MTH_SEX_ECO_CUR_NB,ECO_AGGREGATE_TOTAL,2012,1206.5
MYS,DA:7341,EAR_4MTH_SEX_ECO_CUR_NB,ECO_AGGREGATE_TOTAL,2014,1359.12
MYS,DA:7341,EAR_4MTH_SEX_ECO_CUR_NB,ECO_AGGREGATE_TOTAL,2015,1405.01
MYS,DA:7341,EAR_4MTH_SEX_ECO_CUR_NB,ECO_AGGREGATE_TOTAL,2016,1484.62
NAM,BA:1468,EAR_4MTH_SEX_ECO_CUR_NB,ECO_AGGREGATE_TOTAL,2012,1048.42
NAM,BA:1468,EAR_4MTH_SEX_ECO_CUR_NB,ECO_AGGREGATE_TOTAL,2013,1225.71
NAM,BA:1468,EAR_4MTH_SEX_ECO_CUR_NB,ECO_AGGREGATE_TOTAL,2014,1146.85
NAM,BA:1468,EAR_4MTH_SEX_ECO_CUR_NB,ECO_AGGREGATE_TOTAL,2016,1099.53
NER,JA:729,EAR_4MTH_SEX_ECO_CUR_NB,ECO_AGGREGATE_TOTAL,2009,124.33
NER,JA:729,EAR_4MTH_SEX_ECO_CUR_NB,ECO_AGGREGATE_TOTAL,2010,110.39
NER,BB:13367,EAR_4MTH_SEX_ECO_CUR_NB,ECO_AGGREGATE_TOTAL,2011,245.63
NGA,BX:7338,EAR_4MTH_SEX_ECO_CUR_NB,ECO_AGGREGATE_TOTAL,2011,8819.16
NGA,BX:7338,EAR_4MTH_SEX_ECO_CUR_NB,ECO_AGGREGATE_TOTAL,2013,4625.73
NIC,DA:164,EAR_4MTH_SEX_ECO_CUR_NB,ECO_AGGREGATE_TOTAL,1999,467.07
NIC,DA:164,EAR_4MTH_SEX_ECO_CUR_NB,ECO_AGGREGATE_TOTAL,2000,510.77
NIC,DA:164,EAR_4MTH_SEX_ECO_CUR_NB,ECO_AGGREGATE_TOTAL,2001,555.33
NIC,DA:164,EAR_4MTH_SEX_ECO_CUR_NB,ECO_AGGREGATE_TOTAL,2002,588.44
NIC,DA:164,EAR_4MTH_SEX_ECO_CUR_NB,ECO_AGGREGATE_TOTAL,2003,617.62
NIC,DA:164,EAR_4MTH_SEX_ECO_CUR_NB,ECO_AGGREGATE_TOTAL,2004,636.06
NIC,DA:164,EAR_4MTH_SEX_ECO_CUR_NB,ECO_AGGREGATE_TOTAL,2005,694.45
NIC,DA:164,EAR_4MTH_SEX_ECO_CUR_NB,ECO_AGGREGATE_TOTAL,2006,758.44
NIC,BA:692,EAR_4MTH_SEX_ECO_CUR_NB,ECO_AGGREGATE_TOTAL,2009,434.61
NIC,BA:692,EAR_4MTH_SEX_ECO_CUR_NB,ECO_AGGREGATE_TOTAL,2010,438.23
NIC,BA:692,EAR_4MTH_SEX_ECO_CUR_NB,ECO_AGGREGATE_TOTAL,2012,463.15
NIC,DA:164,EAR_4MTH_SEX_ECO_CUR_NB,ECO_AGGREGATE_TOTAL,2013,734.72
NIC,BB:5868,EAR_4MTH_SEX_ECO_CUR_NB,ECO_AGGREGATE_TOTAL,2014,1129.01
NLD,DA:1500,EAR_4MTH_SEX_ECO_CUR_NB,ECO_AGGREGATE_TOTAL,2001,2782.1
NLD,DA:1500,EAR_4MTH_SEX_ECO_CUR_NB,ECO_AGGREGATE_TOTAL,2002,2909.45
NLD,DA:1500,EAR_4MTH_SEX_ECO_CUR_NB,ECO_AGGREGATE_TOTAL,2003,2906.98
NLD,DA:1500,EAR_4MTH_SEX_ECO_CUR_NB,ECO_AGGREGATE_TOTAL,2004,3065.47
NLD,DA:1500,EAR_4MTH_SEX_ECO_CUR_NB,ECO_AGGREGATE_TOTAL,2005,3136.64
NOR,DA:287,EAR_4MTH_SEX_ECO_CUR_NB,ECO_AGGREGATE_TOTAL,2009,3790.27
NOR,DA:287,EAR_4MTH_SEX_ECO_CUR_NB,ECO_AGGREGATE_TOTAL,2010,3901
NOR,DA:287,EAR_4MTH_SEX_ECO_CUR_NB,ECO_AGGREGATE_TOTAL,2011,4048.92
NOR,DA:287,EAR_4MTH_SEX_ECO_CUR_NB,ECO_AGGREGATE_TOTAL,2012,4183.72
NOR,DA:287,EAR_4MTH_SEX_ECO_CUR_NB,ECO_AGGREGATE_TOTAL,2013,4351.93
NOR,DA:287,EAR_4MTH_SEX_ECO_CUR_NB,ECO_AGGREGATE_TOTAL,2014,4446.32
NOR,DA:287,EAR_4MTH_SEX_ECO_CUR_NB,ECO_AGGREGATE_TOTAL,2015,4245.68
NPL,BA:1510,EAR_4MTH_SEX_ECO_CUR_NB,ECO_AGGREGATE_TOTAL,1999,123.69
NPL,BA:1510,EAR_4MTH_SEX_ECO_CUR_NB,ECO_AGGREGATE_TOTAL,2008,351.08
NZL,FX:118,EAR_4MTH_SEX_ECO_CUR_NB,ECO_AGGREGATE_TOTAL,2009,2391.19
NZL,FX:118,EAR_4MTH_SEX_ECO_CUR_NB,ECO_AGGREGATE_TOTAL,2010,2471.18
NZL,FX:118,EAR_4MTH_SEX_ECO_CUR_NB,ECO_AGGREGATE_TOTAL,2014,2761.07
NZL,FX:118,EAR_4MTH_SEX_ECO_CUR_NB,ECO_AGGREGATE_TOTAL,2015,2772.42
NZL,FX:118,EAR_4MTH_SEX_ECO_CUR_NB,ECO_AGGREGATE_TOTAL,2016,2862.65
PAK,BA:538,EAR_4MTH_SEX_ECO_CUR_NB,ECO_AGGREGATE_TOTAL,2002,263.51
PAK,BA:538,EAR_4MTH_SEX_ECO_CUR_NB,ECO_AGGREGATE_TOTAL,2004,298.08
PAK,BA:538,EAR_4MTH_SEX_ECO_CUR_NB,ECO_AGGREGATE_TOTAL,2006,330.17
PAK,BA:538,EAR_4MTH_SEX_ECO_CUR_NB,ECO_AGGREGATE_TOTAL,2007,364.49
PAK,BA:538,EAR_4MTH_SEX_ECO_CUR_NB,ECO_AGGREGATE_TOTAL,2008,360.69
PAK,BA:538,EAR_4MTH_SEX_ECO_CUR_NB,ECO_AGGREGATE_TOTAL,2009,378.93
PAK,BA:538,EAR_4MTH_SEX_ECO_CUR_NB,ECO_AGGREGATE_TOTAL,2010,381.62
PAK,BA:538,EAR_4MTH_SEX_ECO_CUR_NB,ECO_AGGREGATE_TOTAL,2011,397.14
PAK,BA:538,EAR_4MTH_SEX_ECO_CUR_NB,ECO_AGGREGATE_TOTAL,2013,433.62
PAK,BA:538,EAR_4MTH_SEX_ECO_CUR_NB,ECO_AGGREGATE_TOTAL,2014,448.14
PAK,BA:538,EAR_4MTH_SEX_ECO_CUR_NB,ECO_AGGREGATE_TOTAL,2015,496.93
PAN,BA:511,EAR_4MTH_SEX_ECO_CUR_NB,ECO_AGGREGATE_TOTAL,1998,526.88
PAN,BA:511,EAR_4MTH_SEX_ECO_CUR_NB,ECO_AGGREGATE_TOTAL,1999,550.56
PAN,BA:511,EAR_4MTH_SEX_ECO_CUR_NB,ECO_AGGREGATE_TOTAL,2009,1031.4
PAN,BA:511,EAR_4MTH_SEX_ECO_CUR_NB,ECO_AGGREGATE_TOTAL,2010,1082.27
PAN,BA:511,EAR_4MTH_SEX_ECO_CUR_NB,ECO_AGGREGATE_TOTAL,2011,1062.89
PAN,BA:511,EAR_4MTH_SEX_ECO_CUR_NB,ECO_AGGREGATE_TOTAL,2012,1125.51
PAN,BA:511,EAR_4MTH_SEX_ECO_CUR_NB,ECO_AGGREGATE_TOTAL,2013,1179.24
PAN,BA:511,EAR_4MTH_SEX_ECO_CUR_NB,ECO_AGGREGATE_TOTAL,2014,1186.51
PAN,BA:511,EAR_4MTH_SEX_ECO_CUR_NB,ECO_AGGREGATE_TOTAL,2015,1269.98
PAN,BA:511,EAR_4MTH_SEX_ECO_CUR_NB,ECO_AGGREGATE_TOTAL,2016,1360.28
PER,BX:375,EAR_4MTH_SEX_ECO_CUR_NB,ECO_AGGREGATE_TOTAL,2002,494.5
PER,BX:375,EAR_4MTH_SEX_ECO_CUR_NB,ECO_AGGREGATE_TOTAL,2003,498.18
PER,BX:375,EAR_4MTH_SEX_ECO_CUR_NB,ECO_AGGREGATE_TOTAL,2004,440.07
PER,BX:375,EAR_4MTH_SEX_ECO_CUR_NB,ECO_AGGREGATE_TOTAL,2005,443.24
PER,BX:375,EAR_4MTH_SEX_ECO_CUR_NB,ECO_AGGREGATE_TOTAL,2006,486.35
PER,BX:375,EAR_4MTH_SEX_ECO_CUR_NB,ECO_AGGREGATE_TOTAL,2007,524.39
PER,BX:375,EAR_4MTH_SEX_ECO_CUR_NB,ECO_AGGREGATE_TOTAL,2008,546.91
PER,BX:375,EAR_4MTH_SEX_ECO_CUR_NB,ECO_AGGREGATE_TOTAL,2009,579.98
PER,BX:375,EAR_4MTH_SEX_ECO_CUR_NB,ECO_AGGREGATE_TOTAL,2010,589.45
PER,BX:375,EAR_4MTH_SEX_ECO_CUR_NB,ECO_AGGREGATE_TOTAL,2011,619.28
PER,BX:375,EAR_4MTH_SEX_ECO_CUR_NB,ECO_AGGREGATE_TOTAL,2012,657.53
PER,BX:375,EAR_4MTH_SEX_ECO_CUR_NB,ECO_AGGREGATE_TOTAL,2013,695.28
PER,BX:375,EAR_4MTH_SEX_ECO_CUR_NB,ECO_AGGREGATE_TOTAL,2014,712.16
PER,BX:375,EAR_4MTH_SEX_ECO_CUR_NB,ECO_AGGREGATE_TOTAL,2015,725.82
PER,BX:375,EAR_4MTH_SEX_ECO_CUR_NB,ECO_AGGREGATE_TOTAL,2016,755.37
PHL,DA:1539 (linked),EAR_4MTH_SEX_ECO_CUR_NB,ECO_AGGREGATE_TOTAL,1990,249.21
PHL,DA:1539 (linked),EAR_4MTH_SEX_ECO_CUR_NB,ECO_AGGREGATE_TOTAL,1991,256.98
PHL,DA:1539 (linked),EAR_4MTH_SEX_ECO_CUR_NB,ECO_AGGREGATE_TOTAL,1992,267.54
PHL,DA:1539 (linked),EAR_4MTH_SEX_ECO_CUR_NB,ECO_AGGREGATE_TOTAL,1993,274.76
PHL,DA:1539 (linked),EAR_4MTH_SEX_ECO_CUR_NB,ECO_AGGREGATE_TOTAL,1994,280.97
PHL,DA:1539 (linked),EAR_4MTH_SEX_ECO_CUR_NB,ECO_AGGREGATE_TOTAL,1995,291.22
PHL,DA:1539 (linked),EAR_4MTH_SEX_ECO_CUR_NB,ECO_AGGREGATE_TOTAL,1996,288.32
PHL,DA:1539 (linked),EAR_4MTH_SEX_ECO_CUR_NB,ECO_AGGREGATE_TOTAL,1997,306.36
PHL,DA:1539 (linked),EAR_4MTH_SEX_ECO_CUR_NB,ECO_AGGREGATE_TOTAL,1998,309.3
PHL,DA:1539 (linked),EAR_4MTH_SEX_ECO_CUR_NB,ECO_AGGREGATE_TOTAL,1999,316.49
PHL,DA:1539 (linked),EAR_4MTH_SEX_ECO_CUR_NB,ECO_AGGREGATE_TOTAL,2001,362.34
PHL,DA:1539 (linked),EAR_4MTH_SEX_ECO_CUR_NB,ECO_AGGREGATE_TOTAL,2003,415.19
PHL,DA:1539 (linked),EAR_4MTH_SEX_ECO_CUR_NB,ECO_AGGREGATE_TOTAL,2005,442.31
PHL,BA:629,EAR_4MTH_SEX_ECO_CUR_NB,ECO_AGGREGATE_TOTAL,2006,478.08
PHL,BA:629,EAR_4MTH_SEX_ECO_CUR_NB,ECO_AGGREGATE_TOTAL,2007,708.83
PHL,BA:629,EAR_4MTH_SEX_ECO_CUR_NB,ECO_AGGREGATE_TOTAL,2008,692.83
PHL,BA:629,EAR_4MTH_SEX_ECO_CUR_NB,ECO_AGGREGATE_TOTAL,2009,667.01
PHL,BA:629,EAR_4MTH_SEX_ECO_CUR_NB,ECO_AGGREGATE_TOTAL,2010,649.22
PHL,BA:629,EAR_4MTH_SEX_ECO_CUR_NB,ECO_AGGREGATE_TOTAL,2011,642.55
PHL,BA:629,EAR_4MTH_SEX_ECO_CUR_NB,ECO_AGGREGATE_TOTAL,2012,637.48
PHL,BA:629,EAR_4MTH_SEX_ECO_CUR_NB,ECO_AGGREGATE_TOTAL,2013,626.84
PHL,BA:629,EAR_4MTH_SEX_ECO_CUR_NB,ECO_AGGREGATE_TOTAL,2014,617.71
PHL,BA:629,EAR_4MTH_SEX_ECO_CUR_NB,ECO_AGGREGATE_TOTAL,2015,607.37
PHL,BA:629,EAR_4MTH_SEX_ECO_CUR_NB,ECO_AGGREGATE_TOTAL,2016,618.96
POL,DA:428,EAR_4MTH_SEX_ECO_CUR_NB,ECO_AGGREGATE_TOTAL,1993,510.59
POL,DA:428,EAR_4MTH_SEX_ECO_CUR_NB,ECO_AGGREGATE_TOTAL,1994,511.18
POL,DA:428,EAR_4MTH_SEX_ECO_CUR_NB,ECO_AGGREGATE_TOTAL,1995,536.85
POL,DA:428,EAR_4MTH_SEX_ECO_CUR_NB,ECO_AGGREGATE_TOTAL,1996,583.6
POL,DA:428,EAR_4MTH_SEX_ECO_CUR_NB,ECO_AGGREGATE_TOTAL,1997,633.36
POL,DA:428,EAR_4MTH_SEX_ECO_CUR_NB,ECO_AGGREGATE_TOTAL,1998,672.65
POL,DA:428,EAR_4MTH_SEX_ECO_CUR_NB,ECO_AGGREGATE_TOTAL,1999,887.6
POL,DA:428,EAR_4MTH_SEX_ECO_CUR_NB,ECO_AGGREGATE_TOTAL,2000,934.5
POL,DA:428,EAR_4MTH_SEX_ECO_CUR_NB,ECO_AGGREGATE_TOTAL,2001,998.97
POL,DA:428,EAR_4MTH_SEX_ECO_CUR_NB,ECO_AGGREGATE_TOTAL,2002,1034.67
POL,DA:428,EAR_4MTH_SEX_ECO_CUR_NB,ECO_AGGREGATE_TOTAL,2003,1083.7
POL,DA:428,EAR_4MTH_SEX_ECO_CUR_NB,ECO_AGGREGATE_TOTAL,2004,1111.55
POL,DA:428,EAR_4MTH_SEX_ECO_CUR_NB,ECO_AGGREGATE_TOTAL,2005,1114.81
POL,DA:428,EAR_4MTH_SEX_ECO_CUR_NB,ECO_AGGREGATE_TOTAL,2006,1184.27
POL,DA:428,EAR_4MTH_SEX_ECO_CUR_NB,ECO_AGGREGATE_TOTAL,2007,1319.81
POL,DA:428,EAR_4MTH_SEX_ECO_CUR_NB,ECO_AGGREGATE_TOTAL,2008,1466.78
POL,DA:428,EAR_4MTH_SEX_ECO_CUR_NB,ECO_AGGREGATE_TOTAL,2009,1532.91
POL,DA:428,EAR_4MTH_SEX_ECO_CUR_NB,ECO_AGGREGATE_TOTAL,2010,1653.12
POL,DA:428,EAR_4MTH_SEX_ECO_CUR_NB,ECO_AGGREGATE_TOTAL,2011,1772.47
POL,DA:428,EAR_4MTH_SEX_ECO_CUR_NB,ECO_AGGREGATE_TOTAL,2012,1850.4
POL,DA:428,EAR_4MTH_SEX_ECO_CUR_NB,ECO_AGGREGATE_TOTAL,2013,1954.15
POL,DA:428,EAR_4MTH_SEX_ECO_CUR_NB,ECO_AGGREGATE_TOTAL,2014,2009.82
POL,DA:428,EAR_4MTH_SEX_ECO_CUR_NB,ECO_AGGREGATE_TOTAL,2015,2082.79
POL,DA:428,EAR_4MTH_SEX_ECO_CUR_NB,ECO_AGGREGATE_TOTAL,2016,2164.76
PRT,BA:199,EAR_4MTH_SEX_ECO_CUR_NB,ECO_AGGREGATE_TOTAL,2008,1045.12
PRT,BA:199,EAR_4MTH_SEX_ECO_CUR_NB,ECO_AGGREGATE_TOTAL,2009,1085.34
PRT,BA:199,EAR_4MTH_SEX_ECO_CUR_NB,ECO_AGGREGATE_TOTAL,2010,1115.28
PRT,BA:199,EAR_4MTH_SEX_ECO_CUR_NB,ECO_AGGREGATE_TOTAL,2011,1168.72
PRT,BA:199,EAR_4MTH_SEX_ECO_CUR_NB,ECO_AGGREGATE_TOTAL,2012,1179.14
PRT,BA:199,EAR_4MTH_SEX_ECO_CUR_NB,ECO_AGGREGATE_TOTAL,2013,1215.38
PRT,BA:199,EAR_4MTH_SEX_ECO_CUR_NB,ECO_AGGREGATE_TOTAL,2015,1230.25
PRT,BA:199,EAR_4MTH_SEX_ECO_CUR_NB,ECO_AGGREGATE_TOTAL,2016,1252.36
PRY,FX:1568,EAR_4MTH_SEX_ECO_CUR_NB,ECO_AGGREGATE_TOTAL,1990,497.69
PRY,FX:1568,EAR_4MTH_SEX_ECO_CUR_NB,ECO_AGGREGATE_TOTAL,1991,577.82
PRY,FX:1568,EAR_4MTH_SEX_ECO_CUR_NB,ECO_AGGREGATE_TOTAL,1992,564.43
PRY,FX:1568,EAR_4MTH_SEX_ECO_CUR_NB,ECO_AGGREGATE_TOTAL,1993,618.93
PRY,FX:1568,EAR_4MTH_SEX_ECO_CUR_NB,ECO_AGGREGATE_TOTAL,1994,697.64
PRY,FX:1568,EAR_4MTH_SEX_ECO_CUR_NB,ECO_AGGREGATE_TOTAL,1995,726.66
PRY,FX:1568,EAR_4MTH_SEX_ECO_CUR_NB,ECO_AGGREGATE_TOTAL,1996,755.85
PRY,FX:1568,EAR_4MTH_SEX_ECO_CUR_NB,ECO_AGGREGATE_TOTAL,1997,826.76
PRY,FX:1568,EAR_4MTH_SEX_ECO_CUR_NB,ECO_AGGREGATE_TOTAL,1998,855.65
PRY,FX:1568,EAR_4MTH_SEX_ECO_CUR_NB,ECO_AGGREGATE_TOTAL,1999,746.17
PRY,BX:534,EAR_4MTH_SEX_ECO_CUR_NB,ECO_AGGREGATE_TOTAL,2000,597.59
PRY,BX:534,EAR_4MTH_SEX_ECO_CUR_NB,ECO_AGGREGATE_TOTAL,2001,535.57
PRY,BX:534,EAR_4MTH_SEX_ECO_CUR_NB,ECO_AGGREGATE_TOTAL,2002,498.93
PRY,BX:534,EAR_4MTH_SEX_ECO_CUR_NB,ECO_AGGREGATE_TOTAL,2003,498.78
PRY,BX:534,EAR_4MTH_SEX_ECO_CUR_NB,ECO_AGGREGATE_TOTAL,2004,474.04
PRY,BX:534,EAR_4MTH_SEX_ECO_CUR_NB,ECO_AGGREGATE_TOTAL,2005,524.13
PRY,BX:534,EAR_4MTH_SEX_ECO_CUR_NB,ECO_AGGREGATE_TOTAL,2006,562.6
PRY,BX:534,EAR_4MTH_SEX_ECO_CUR_NB,ECO_AGGREGATE_TOTAL,2007,545.11
PRY,BX:534,EAR_4MTH_SEX_ECO_CUR_NB,ECO_AGGREGATE_TOTAL,2008,585.78
PRY,BX:534,EAR_4MTH_SEX_ECO_CUR_NB,ECO_AGGREGATE_TOTAL,2009,590.9
PRY,BX:534,EAR_4MTH_SEX_ECO_CUR_NB,ECO_AGGREGATE_TOTAL,2010,636.44
PRY,BX:534,EAR_4MTH_SEX_ECO_CUR_NB,ECO_AGGREGATE_TOTAL,2011,707.98
PRY,BX:534,EAR_4MTH_SEX_ECO_CUR_NB,ECO_AGGREGATE_TOTAL,2012,717.12
PRY,BX:534,EAR_4MTH_SEX_ECO_CUR_NB,ECO_AGGREGATE_TOTAL,2013,801.89
PRY,BX:534,EAR_4MTH_SEX_ECO_CUR_NB,ECO_AGGREGATE_TOTAL,2014,833.12
PRY,BX:534,EAR_4MTH_SEX_ECO_CUR_NB,ECO_AGGREGATE_TOTAL,2015,828.6
PRY,BX:534,EAR_4MTH_SEX_ECO_CUR_NB,ECO_AGGREGATE_TOTAL,2016,810.24
PSE,BA:592,EAR_4MTH_SEX_ECO_CUR_NB,ECO_AGGREGATE_TOTAL,2015,873.38
PSE,BA:592,EAR_4MTH_SEX_ECO_CUR_NB,ECO_AGGREGATE_TOTAL,2016,920.01
QAT,BA:696,EAR_4MTH_SEX_ECO_CUR_NB,ECO_AGGREGATE_TOTAL,2001,1416.39
QAT,BA:696,EAR_4MTH_SEX_ECO_CUR_NB,ECO_AGGREGATE_TOTAL,2009,2777.66
QAT,BA:696,EAR_4MTH_SEX_ECO_CUR_NB,ECO_AGGREGATE_TOTAL,2011,2803.04
QAT,BA:696,EAR_4MTH_SEX_ECO_CUR_NB,ECO_AGGREGATE_TOTAL,2012,3269.72
QAT,BA:696,EAR_4MTH_SEX_ECO_CUR_NB,ECO_AGGREGATE_TOTAL,2013,3590.55
QAT,BA:696,EAR_4MTH_SEX_ECO_CUR_NB,ECO_AGGREGATE_TOTAL,2014,3828.48
QAT,BA:696,EAR_4MTH_SEX_ECO_CUR_NB,ECO_AGGREGATE_TOTAL,2015,3802.87
QAT,BA:696,EAR_4MTH_SEX_ECO_CUR_NB,ECO_AGGREGATE_TOTAL,2016,3823.02
ROU,DA:435,EAR_4MTH_SEX_ECO_CUR_NB,ECO_AGGREGATE_TOTAL,2005,589.46
ROU,DA:435,EAR_4MTH_SEX_ECO_CUR_NB,ECO_AGGREGATE_TOTAL,2006,675.48
ROU,DA:435,EAR_4MTH_SEX_ECO_CUR_NB,ECO_AGGREGATE_TOTAL,2007,784.3
ROU,DA:435,EAR_4MTH_SEX_ECO_CUR_NB,ECO_AGGREGATE_TOTAL,2009,983
ROU,DA:435,EAR_4MTH_SEX_ECO_CUR_NB,ECO_AGGREGATE_TOTAL,2010,1027.36
ROU,DA:435,EAR_4MTH_SEX_ECO_CUR_NB,ECO_AGGREGATE_TOTAL,2011,1071.72
ROU,DA:435,EAR_4MTH_SEX_ECO_CUR_NB,ECO_AGGREGATE_TOTAL,2012,1101.49
ROU,DA:435,EAR_4MTH_SEX_ECO_CUR_NB,ECO_AGGREGATE_TOTAL,2013,1148.1
ROU,DA:12948,EAR_4MTH_SEX_ECO_CUR_NB,ECO_AGGREGATE_TOTAL,2014,1224.54
ROU,DA:435,EAR_4MTH_SEX_ECO_CUR_NB,ECO_AGGREGATE_TOTAL,2016,1517.74
RUS,DA:122,EAR_4MTH_SEX_ECO_CUR_NB,ECO_AGGREGATE_TOTAL,1997,289.91
RUS,DA:122,EAR_4MTH_SEX_ECO_CUR_NB,ECO_AGGREGATE_TOTAL,1999,230.4
RUS,DA:122,EAR_4MTH_SEX_ECO_CUR_NB,ECO_AGGREGATE_TOTAL,2000,294.43
RUS,DA:122,EAR_4MTH_SEX_ECO_CUR_NB,ECO_AGGREGATE_TOTAL,2001,365.21
RUS,DA:122,EAR_4MTH_SEX_ECO_CUR_NB,ECO_AGGREGATE_TOTAL,2002,439.24
RUS,DA:122,EAR_4MTH_SEX_ECO_CUR_NB,ECO_AGGREGATE_TOTAL,2004,554.65
RUS,DA:122,EAR_4MTH_SEX_ECO_CUR_NB,ECO_AGGREGATE_TOTAL,2005,638.87
RUS,DA:122,EAR_4MTH_SEX_ECO_CUR_NB,ECO_AGGREGATE_TOTAL,2006,782.08
RUS,DA:122,EAR_4MTH_SEX_ECO_CUR_NB,ECO_AGGREGATE_TOTAL,2007,947.5
RUS,DA:122,EAR_4MTH_SEX_ECO_CUR_NB,ECO_AGGREGATE_TOTAL,2008,1147.17
RUS,DA:122,EAR_4MTH_SEX_ECO_CUR_NB,ECO_AGGREGATE_TOTAL,2009,1169.03
RUS,DA:122,EAR_4MTH_SEX_ECO_CUR_NB,ECO_AGGREGATE_TOTAL,2010,1253.61
RUS,DA:122,EAR_4MTH_SEX_ECO_CUR_NB,ECO_AGGREGATE_TOTAL,2011,1393.57
RUS,DA:122,EAR_4MTH_SEX_ECO_CUR_NB,ECO_AGGREGATE_TOTAL,2012,1505.58
RUS,DA:122,EAR_4MTH_SEX_ECO_CUR_NB,ECO_AGGREGATE_TOTAL,2013,1385.39
RUS,DA:122,EAR_4MTH_SEX_ECO_CUR_NB,ECO_AGGREGATE_TOTAL,2014,1439.56
RUS,DA:122,EAR_4MTH_SEX_ECO_CUR_NB,ECO_AGGREGATE_TOTAL,2015,1345.12
RUS,DA:122,EAR_4MTH_SEX_ECO_CUR_NB,ECO_AGGREGATE_TOTAL,2016,1410.97
RWA,BB:763,EAR_4MTH_SEX_ECO_CUR_NB,ECO_AGGREGATE_TOTAL,2014,237.1
SAU,BA:627,EAR_4MTH_SEX_ECO_CUR_NB,ECO_AGGREGATE_TOTAL,2009,2661.98
SAU,BA:627,EAR_4MTH_SEX_ECO_CUR_NB,ECO_AGGREGATE_TOTAL,2011,2817.93
SAU,BA:627,EAR_4MTH_SEX_ECO_CUR_NB,ECO_AGGREGATE_TOTAL,2012,2937.27
SAU,BA:627,EAR_4MTH_SEX_ECO_CUR_NB,ECO_AGGREGATE_TOTAL,2013,3039.92
SAU,BA:627,EAR_4MTH_SEX_ECO_CUR_NB,ECO_AGGREGATE_TOTAL,2014,3302.42
SAU,BA:627,EAR_4MTH_SEX_ECO_CUR_NB,ECO_AGGREGATE_TOTAL,2015,3434.84
SDN,BA:1603,EAR_4MTH_SEX_ECO_CUR_NB,ECO_AGGREGATE_TOTAL,2011,15467.35
SGP,FA:5921 (linked),EAR_4MTH_SEX_ECO_CUR_NB,ECO_AGGREGATE_TOTAL,1990,886.14
SGP,FA:5921 (linked),EAR_4MTH_SEX_ECO_CUR_NB,ECO_AGGREGATE_TOTAL,1991,975.5
SGP,FA:5921 (linked),EAR_4MTH_SEX_ECO_CUR_NB,ECO_AGGREGATE_TOTAL,1992,1062.36
SGP,FA:5921 (linked),EAR_4MTH_SEX_ECO_CUR_NB,ECO_AGGREGATE_TOTAL,1993,1136.7
SGP,FA:5921 (linked),EAR_4MTH_SEX_ECO_CUR_NB,ECO_AGGREGATE_TOTAL,2007,2750.72
SGP,FA:5921 (linked),EAR_4MTH_SEX_ECO_CUR_NB,ECO_AGGREGATE_TOTAL,2008,2823.61
SGP,FA:5921 (linked),EAR_4MTH_SEX_ECO_CUR_NB,ECO_AGGREGATE_TOTAL,2009,2723.03
SGP,FA:5921 (linked),EAR_4MTH_SEX_ECO_CUR_NB,ECO_AGGREGATE_TOTAL,2010,2842.55
SGP,BA:5873,EAR_4MTH_SEX_ECO_CUR_NB,ECO_AGGREGATE_TOTAL,2011,2774.62
SGP,BA:5873,EAR_4MTH_SEX_ECO_CUR_NB,ECO_AGGREGATE_TOTAL,2012,2900.66
SGP,BA:5873,EAR_4MTH_SEX_ECO_CUR_NB,ECO_AGGREGATE_TOTAL,2013,3061.24
SGP,BA:5873,EAR_4MTH_SEX_ECO_CUR_NB,ECO_AGGREGATE_TOTAL,2014,3133.36
SGP,BA:5873,EAR_4MTH_SEX_ECO_CUR_NB,ECO_AGGREGATE_TOTAL,2015,3303.29
SGP,BA:5873,EAR_4MTH_SEX_ECO_CUR_NB,ECO_AGGREGATE_TOTAL,2016,3453.99
SLB,CA:1628,EAR_4MTH_SEX_ECO_CUR_NB,ECO_AGGREGATE_TOTAL,1990,240.57
SLB,CA:1628,EAR_4MTH_SEX_ECO_CUR_NB,ECO_AGGREGATE_TOTAL,1991,264.07
SLB,CA:1628,EAR_4MTH_SEX_ECO_CUR_NB,ECO_AGGREGATE_TOTAL,1993,272.97
SLB,CA:1628,EAR_4MTH_SEX_ECO_CUR_NB,ECO_AGGREGATE_TOTAL,1994,270.07
SLB,CA:1628,EAR_4MTH_SEX_ECO_CUR_NB,ECO_AGGREGATE_TOTAL,1995,269.18
SLB,CA:1628,EAR_4MTH_SEX_ECO_CUR_NB,ECO_AGGREGATE_TOTAL,1996,355.5
SLV,BA:1635,EAR_4MTH_SEX_ECO_CUR_NB,ECO_AGGREGATE_TOTAL,1998,4068.47
SLV,BA:1635,EAR_4MTH_SEX_ECO_CUR_NB,ECO_AGGREGATE_TOTAL,1999,4138.76
SLV,BA:1635,EAR_4MTH_SEX_ECO_CUR_NB,ECO_AGGREGATE_TOTAL,2000,4404.22
SLV,BA:1635,EAR_4MTH_SEX_ECO_CUR_NB,ECO_AGGREGATE_TOTAL,2001,4438.17
SLV,BA:1635,EAR_4MTH_SEX_ECO_CUR_NB,ECO_AGGREGATE_TOTAL,2002,511.69
SLV,BA:1635,EAR_4MTH_SEX_ECO_CUR_NB,ECO_AGGREGATE_TOTAL,2003,487.82
SLV,BA:1635,EAR_4MTH_SEX_ECO_CUR_NB,ECO_AGGREGATE_TOTAL,2004,483.69
SLV,BA:1635,EAR_4MTH_SEX_ECO_CUR_NB,ECO_AGGREGATE_TOTAL,2005,503.59
SLV,BA:1635,EAR_4MTH_SEX_ECO_CUR_NB,ECO_AGGREGATE_TOTAL,2006,501.08
SLV,BX:461,EAR_4MTH_SEX_ECO_CUR_NB,ECO_AGGREGATE_TOTAL,2010,523.69
SLV,BX:461,EAR_4MTH_SEX_ECO_CUR_NB,ECO_AGGREGATE_TOTAL,2011,516.02
SLV,BX:461,EAR_4MTH_SEX_ECO_CUR_NB,ECO_AGGREGATE_TOTAL,2012,536.2
SLV,BX:461,EAR_4MTH_SEX_ECO_CUR_NB,ECO_AGGREGATE_TOTAL,2013,579.94
SLV,BX:461,EAR_4MTH_SEX_ECO_CUR_NB,ECO_AGGREGATE_TOTAL,2014,579.27
SLV,BX:461,EAR_4MTH_SEX_ECO_CUR_NB,ECO_AGGREGATE_TOTAL,2015,591.89
SLV,BX:461,EAR_4MTH_SEX_ECO_CUR_NB,ECO_AGGREGATE_TOTAL,2016,576.51
SMR,EA:5918,EAR_4MTH_SEX_ECO_CUR_NB,ECO_AGGREGATE_TOTAL,2003,2530.83
SMR,EA:5918,EAR_4MTH_SEX_ECO_CUR_NB,ECO_AGGREGATE_TOTAL,2004,2557.24
SMR,EA:5918,EAR_4MTH_SEX_ECO_CUR_NB,ECO_AGGREGATE_TOTAL,2005,2689.8
SMR,EA:5918,EAR_4MTH_SEX_ECO_CUR_NB,ECO_AGGREGATE_TOTAL,2006,2767.58
SRB,DA:3105 (linked),EAR_4MTH_SEX_ECO_CUR_NB,ECO_AGGREGATE_TOTAL,2004,338.5
SRB,DA:3105 (linked),EAR_4MTH_SEX_ECO_CUR_NB,ECO_AGGREGATE_TOTAL,2005,377.6
SRB,DA:3105 (linked),EAR_4MTH_SEX_ECO_CUR_NB,ECO_AGGREGATE_TOTAL,2006,438.62
SRB,DA:3105 (linked),EAR_4MTH_SEX_ECO_CUR_NB,ECO_AGGREGATE_TOTAL,2008,586.04
SRB,BA:467,EAR_4MTH_SEX_ECO_CUR_NB,ECO_AGGREGATE_TOTAL,2009,689.94
SRB,BA:467,EAR_4MTH_SEX_ECO_CUR_NB,ECO_AGGREGATE_TOTAL,2010,690.94
SRB,BA:467,EAR_4MTH_SEX_ECO_CUR_NB,ECO_AGGREGATE_TOTAL,2014,694.57
SRB,BA:467,EAR_4MTH_SEX_ECO_CUR_NB,ECO_AGGREGATE_TOTAL,2015,717.31
SRB,BA:467,EAR_4MTH_SEX_ECO_CUR_NB,ECO_AGGREGATE_TOTAL,2016,728.56
SVK,DA:399,EAR_4MTH_SEX_ECO_CUR_NB,ECO_AGGREGATE_TOTAL,2009,1351.73
SVK,DA:399,EAR_4MTH_SEX_ECO_CUR_NB,ECO_AGGREGATE_TOTAL,2010,1469.6
SVK,DA:399,EAR_4MTH_SEX_ECO_CUR_NB,ECO_AGGREGATE_TOTAL,2011,1513.82
SVK,DA:399,EAR_4MTH_SEX_ECO_CUR_NB,ECO_AGGREGATE_TOTAL,2012,1559.35
SVK,DA:399,EAR_4MTH_SEX_ECO_CUR_NB,ECO_AGGREGATE_TOTAL,2013,1658.35
SVK,DA:399,EAR_4MTH_SEX_ECO_CUR_NB,ECO_AGGREGATE_TOTAL,2014,1769.9
SVK,DA:399,EAR_4MTH_SEX_ECO_CUR_NB,ECO_AGGREGATE_TOTAL,2015,1812.85
SVK,DA:399,EAR_4MTH_SEX_ECO_CUR_NB,ECO_AGGREGATE_TOTAL,2016,1927.94
SVN,DA:5911,EAR_4MTH_SEX_ECO_CUR_NB,ECO_AGGREGATE_TOTAL,1997,293881.2
SVN,DA:5911,EAR_4MTH_SEX_ECO_CUR_NB,ECO_AGGREGATE_TOTAL,1998,305633.38
SVN,DA:5911,EAR_4MTH_SEX_ECO_CUR_NB,ECO_AGGREGATE_TOTAL,1999,320763.49
SVN,DA:5911,EAR_4MTH_SEX_ECO_CUR_NB,ECO_AGGREGATE_TOTAL,2000,340737.62
SVN,DA:5911,EAR_4MTH_SEX_ECO_CUR_NB,ECO_AGGREGATE_TOTAL,2001,359479.35
SVN,DA:5911,EAR_4MTH_SEX_ECO_CUR_NB,ECO_AGGREGATE_TOTAL,2002,378576.55
SVN,DA:5911,EAR_4MTH_SEX_ECO_CUR_NB,ECO_AGGREGATE_TOTAL,2003,392100.99
SVN,DA:5911,EAR_4MTH_SEX_ECO_CUR_NB,ECO_AGGREGATE_TOTAL,2004,409351.55
SVN,DA:5911,EAR_4MTH_SEX_ECO_CUR_NB,ECO_AGGREGATE_TOTAL,2005,418569.09
SVN,DA:5911,EAR_4MTH_SEX_ECO_CUR_NB,ECO_AGGREGATE_TOTAL,2006,435728.1
SVN,DA:5911,EAR_4MTH_SEX_ECO_CUR_NB,ECO_AGGREGATE_TOTAL,2007,1877.34
SVN,DA:5911,EAR_4MTH_SEX_ECO_CUR_NB,ECO_AGGREGATE_TOTAL,2008,2026.45
SWE,DA:1665,EAR_4MTH_SEX_ECO_CUR_NB,ECO_AGGREGATE_TOTAL,1993,9.91
SWE,DA:3477,EAR_4MTH_SEX_ECO_CUR_NB,ECO_AGGREGATE_TOTAL,2014,3568.92
SWZ,BA:1672,EAR_4MTH_SEX_ECO_CUR_NB,ECO_AGGREGATE_TOTAL,2016,875.61
SYC,FA:5920,EAR_4MTH_SEX_ECO_CUR_NB,ECO_AGGREGATE_TOTAL,1990,448.94
SYC,FA:5920,EAR_4MTH_SEX_ECO_CUR_NB,ECO_AGGREGATE_TOTAL,1991,472.35
SYC,FA:5920,EAR_4MTH_SEX_ECO_CUR_NB,ECO_AGGREGATE_TOTAL,1992,538.78
SYC,FA:5920,EAR_4MTH_SEX_ECO_CUR_NB,ECO_AGGREGATE_TOTAL,1993,565.37
SYC,FA:5920,EAR_4MTH_SEX_ECO_CUR_NB,ECO_AGGREGATE_TOTAL,1994,576.9
SYC,FA:5920,EAR_4MTH_SEX_ECO_CUR_NB,ECO_AGGREGATE_TOTAL,1995,629.69
SYC,FA:5920,EAR_4MTH_SEX_ECO_CUR_NB,ECO_AGGREGATE_TOTAL,1996,661.64
SYC,FA:5920,EAR_4MTH_SEX_ECO_CUR_NB,ECO_AGGREGATE_TOTAL,1997,681.4
SYC,FA:5920,EAR_4MTH_SEX_ECO_CUR_NB,ECO_AGGREGATE_TOTAL,1998,717.96
SYC,FA:5920,EAR_4MTH_SEX_ECO_CUR_NB,ECO_AGGREGATE_TOTAL,1999,710.94
SYC,FA:5920,EAR_4MTH_SEX_ECO_CUR_NB,ECO_AGGREGATE_TOTAL,2000,706.17
SYC,FA:5920,EAR_4MTH_SEX_ECO_CUR_NB,ECO_AGGREGATE_TOTAL,2001,700.39
SYC,FA:5920,EAR_4MTH_SEX_ECO_CUR_NB,ECO_AGGREGATE_TOTAL,2002,720.23
SYC,FA:5920,EAR_4MTH_SEX_ECO_CUR_NB,ECO_AGGREGATE_TOTAL,2003,741.43
SYC,FA:5920,EAR_4MTH_SEX_ECO_CUR_NB,ECO_AGGREGATE_TOTAL,2004,754.37
SYC,FA:5920,EAR_4MTH_SEX_ECO_CUR_NB,ECO_AGGREGATE_TOTAL,2005,781.71
SYC,FA:5920,EAR_4MTH_SEX_ECO_CUR_NB,ECO_AGGREGATE_TOTAL,2006,850.38
SYC,FA:5920,EAR_4MTH_SEX_ECO_CUR_NB,ECO_AGGREGATE_TOTAL,2007,846.7
SYC,FA:5920,EAR_4MTH_SEX_ECO_CUR_NB,ECO_AGGREGATE_TOTAL,2008,742.64
SYC,FA:5920,EAR_4MTH_SEX_ECO_CUR_NB,ECO_AGGREGATE_TOTAL,2009,720.41
SYC,FA:5920,EAR_4MTH_SEX_ECO_CUR_NB,ECO_AGGREGATE_TOTAL,2010,879.85
SYC,FA:5920,EAR_4MTH_SEX_ECO_CUR_NB,ECO_AGGREGATE_TOTAL,2011,1004.16
SYC,FA:5920,EAR_4MTH_SEX_ECO_CUR_NB,ECO_AGGREGATE_TOTAL,2012,1052.74
SYR,BA:745,EAR_4MTH_SEX_ECO_CUR_NB,ECO_AGGREGATE_TOTAL,2005,436.56
SYR,BA:745,EAR_4MTH_SEX_ECO_CUR_NB,ECO_AGGREGATE_TOTAL,2006,460.8
SYR,BA:745,EAR_4MTH_SEX_ECO_CUR_NB,ECO_AGGREGATE_TOTAL,2007,473.12
SYR,BA:745,EAR_4MTH_SEX_ECO_CUR_NB,ECO_AGGREGATE_TOTAL,2008,500
SYR,BA:745,EAR_4MTH_SEX_ECO_CUR_NB,ECO_AGGREGATE_TOTAL,2009,505.68
SYR,BA:745,EAR_4MTH_SEX_ECO_CUR_NB,ECO_AGGREGATE_TOTAL,2010,503.33
TGO,BB:686,EAR_4MTH_SEX_ECO_CUR_NB,ECO_AGGREGATE_TOTAL,2011,490.55
TGO,BX:6388,EAR_4MTH_SEX_ECO_CUR_NB,ECO_AGGREGATE_TOTAL,2014,727.96
TGO,BB:686,EAR_4MTH_SEX_ECO_CUR_NB,ECO_AGGREGATE_TOTAL,2015,644.49
THA,BA:741,EAR_4MTH_SEX_ECO_CUR_NB,ECO_AGGREGATE_TOTAL,2011,805.02
THA,BA:741,EAR_4MTH_SEX_ECO_CUR_NB,ECO_AGGREGATE_TOTAL,2012,862.74
THA,BA:741,EAR_4MTH_SEX_ECO_CUR_NB,ECO_AGGREGATE_TOTAL,2013,1087.02
THA,BA:741,EAR_4MTH_SEX_ECO_CUR_NB,ECO_AGGREGATE_TOTAL,2014,1096.39
THA,BA:741,EAR_4MTH_SEX_ECO_CUR_NB,ECO_AGGREGATE_TOTAL,2015,857.18
THA,BA:741,EAR_4MTH_SEX_ECO_CUR_NB,ECO_AGGREGATE_TOTAL,2016,1155.85
TJK,CA:1705,EAR_4MTH_SEX_ECO_CUR_NB,ECO_AGGREGATE_TOTAL,2000,25.1
TJK,CA:1705,EAR_4MTH_SEX_ECO_CUR_NB,ECO_AGGREGATE_TOTAL,2001,28.11
TJK,CA:1705,EAR_4MTH_SEX_ECO_CUR_NB,ECO_AGGREGATE_TOTAL,2002,35.24
TJK,CA:1705,EAR_4MTH_SEX_ECO_CUR_NB,ECO_AGGREGATE_TOTAL,2003,42.47
TJK,CA:1705,EAR_4MTH_SEX_ECO_CUR_NB,ECO_AGGREGATE_TOTAL,2004,56.39
TJK,CA:1705,EAR_4MTH_SEX_ECO_CUR_NB,ECO_AGGREGATE_TOTAL,2005,73.63
TJK,CA:1705,EAR_4MTH_SEX_ECO_CUR_NB,ECO_AGGREGATE_TOTAL,2006,96.12
TJK,CA:1705,EAR_4MTH_SEX_ECO_CUR_NB,ECO_AGGREGATE_TOTAL,2007,122.68
TJK,CA:1705,EAR_4MTH_SEX_ECO_CUR_NB,ECO_AGGREGATE_TOTAL,2008,149.92
TJK,CA:1705,EAR_4MTH_SEX_ECO_CUR_NB,ECO_AGGREGATE_TOTAL,2009,172.39
TJK,CA:1705,EAR_4MTH_SEX_ECO_CUR_NB,ECO_AGGREGATE_TOTAL,2010,205.17
TJK,CA:1705,EAR_4MTH_SEX_ECO_CUR_NB,ECO_AGGREGATE_TOTAL,2011,234.83
TJK,CA:1705,EAR_4MTH_SEX_ECO_CUR_NB,ECO_AGGREGATE_TOTAL,2012,284.47
TJK,CA:1705,EAR_4MTH_SEX_ECO_CUR_NB,ECO_AGGREGATE_TOTAL,2013,344.02
TJK,CA:1705,EAR_4MTH_SEX_ECO_CUR_NB,ECO_AGGREGATE_TOTAL,2014,386.99
TJK,CA:1705,EAR_4MTH_SEX_ECO_CUR_NB,ECO_AGGREGATE_TOTAL,2015,394.66
TJK,CA:1705,EAR_4MTH_SEX_ECO_CUR_NB,ECO_AGGREGATE_TOTAL,2016,412.6
TLS,BA:3050,EAR_4MTH_SEX_ECO_CUR_NB,ECO_AGGREGATE_TOTAL,2010,341.63
TLS,BA:3050,EAR_4MTH_SEX_ECO_CUR_NB,ECO_AGGREGATE_TOTAL,2013,1056.42
TLS,BA:3050,EAR_4MTH_SEX_ECO_CUR_NB,ECO_AGGREGATE_TOTAL,2016,492.99
TON,BA:1712,EAR_4MTH_SEX_ECO_CUR_NB,ECO_AGGREGATE_TOTAL,1990,333.29
TON,BA:1712,EAR_4MTH_SEX_ECO_CUR_NB,ECO_AGGREGATE_TOTAL,1994,457.8
TTO,BA:549,EAR_4MTH_SEX_ECO_CUR_NB,ECO_AGGREGATE_TOTAL,2011,1047.2
TTO,BA:549,EAR_4MTH_SEX_ECO_CUR_NB,ECO_AGGREGATE_TOTAL,2012,1007.3
TTO,BA:549,EAR_4MTH_SEX_ECO_CUR_NB,ECO_AGGREGATE_TOTAL,2013,1002.32
TTO,BA:549,EAR_4MTH_SEX_ECO_CUR_NB,ECO_AGGREGATE_TOTAL,2014,1019.25
TTO,BA:549,EAR_4MTH_SEX_ECO_CUR_NB,ECO_AGGREGATE_TOTAL,2015,997.7
TTO,BA:549,EAR_4MTH_SEX_ECO_CUR_NB,ECO_AGGREGATE_TOTAL,2016,1015.04
TUR,DA:506,EAR_4MTH_SEX_ECO_CUR_NB,ECO_AGGREGATE_TOTAL,2014,1614.64
TZA,BA:1743,EAR_4MTH_SEX_ECO_CUR_NB,ECO_AGGREGATE_TOTAL,2001,165.9
TZA,BA:1743,EAR_4MTH_SEX_ECO_CUR_NB,ECO_AGGREGATE_TOTAL,2006,270.89
TZA,DA:2543,EAR_4MTH_SEX_ECO_CUR_NB,ECO_AGGREGATE_TOTAL,2011,629.51
TZA,DA:2543,EAR_4MTH_SEX_ECO_CUR_NB,ECO_AGGREGATE_TOTAL,2012,535.99
TZA,DA:2543,EAR_4MTH_SEX_ECO_CUR_NB,ECO_AGGREGATE_TOTAL,2014,411.89
UGA,BB:268,EAR_4MTH_SEX_ECO_CUR_NB,ECO_AGGREGATE_TOTAL,2009,301.86
UGA,BA:13047,EAR_4MTH_SEX_ECO_CUR_NB,ECO_AGGREGATE_TOTAL,2012,254.05
UKR,DA:5913,EAR_4MTH_SEX_ECO_CUR_NB,ECO_AGGREGATE_TOTAL,1995,169.17
UKR,DA:5913,EAR_4MTH_SEX_ECO_CUR_NB,ECO_AGGREGATE_TOTAL,1996,165.5
UKR,DA:5913,EAR_4MTH_SEX_ECO_CUR_NB,ECO_AGGREGATE_TOTAL,1997,166.17
UKR,DA:5913,EAR_4MTH_SEX_ECO_CUR_NB,ECO_AGGREGATE_TOTAL,1998,163.7
UKR,DA:5913,EAR_4MTH_SEX_ECO_CUR_NB,ECO_AGGREGATE_TOTAL,1999,157.67
UKR,DA:5913,EAR_4MTH_SEX_ECO_CUR_NB,ECO_AGGREGATE_TOTAL,2000,164.82
UKR,DA:5913,EAR_4MTH_SEX_ECO_CUR_NB,ECO_AGGREGATE_TOTAL,2007,644.44
UKR,DA:5913,EAR_4MTH_SEX_ECO_CUR_NB,ECO_AGGREGATE_TOTAL,2008,714.43
UKR,DA:5913,EAR_4MTH_SEX_ECO_CUR_NB,ECO_AGGREGATE_TOTAL,2009,648.23
UKR,DA:5913,EAR_4MTH_SEX_ECO_CUR_NB,ECO_AGGREGATE_TOTAL,2010,707.64
UKR,DA:5913,EAR_4MTH_SEX_ECO_CUR_NB,ECO_AGGREGATE_TOTAL,2011,795.17
UKR,DA:5913,EAR_4MTH_SEX_ECO_CUR_NB,ECO_AGGREGATE_TOTAL,2012,927.5
UKR,DA:5913,EAR_4MTH_SEX_ECO_CUR_NB,ECO_AGGREGATE_TOTAL,2013,1017.84
UKR,DA:5913,EAR_4MTH_SEX_ECO_CUR_NB,ECO_AGGREGATE_TOTAL,2014,983.71
UKR,DA:5913,EAR_4MTH_SEX_ECO_CUR_NB,ECO_AGGREGATE_TOTAL,2015,798.41
UKR,DA:5913,EAR_4MTH_SEX_ECO_CUR_NB,ECO_AGGREGATE_TOTAL,2016,876.89
URY,DA:1759,EAR_4MTH_SEX_ECO_CUR_NB,ECO_AGGREGATE_TOTAL,1996,17.56
URY,BA:348,EAR_4MTH_SEX_ECO_CUR_NB,ECO_AGGREGATE_TOTAL,1998,723.63
URY,BA:348,EAR_4MTH_SEX_ECO_CUR_NB,ECO_AGGREGATE_TOTAL,1999,757.66
URY,BA:348,EAR_4MTH_SEX_ECO_CUR_NB,ECO_AGGREGATE_TOTAL,2000,767.58
URY,BA:348,EAR_4MTH_SEX_ECO_CUR_NB,ECO_AGGREGATE_TOTAL,2001,754.81
URY,BA:348,EAR_4MTH_SEX_ECO_CUR_NB,ECO_AGGREGATE_TOTAL,2002,681.17
URY,BA:348,EAR_4MTH_SEX_ECO_CUR_NB,ECO_AGGREGATE_TOTAL,2003,598.55
URY,BA:348,EAR_4MTH_SEX_ECO_CUR_NB,ECO_AGGREGATE_TOTAL,2004,611.11
URY,BA:348,EAR_4MTH_SEX_ECO_CUR_NB,ECO_AGGREGATE_TOTAL,2005,638.69
URY,BA:348,EAR_4MTH_SEX_ECO_CUR_NB,ECO_AGGREGATE_TOTAL,2006,712.7
URY,BA:348,EAR_4MTH_SEX_ECO_CUR_NB,ECO_AGGREGATE_TOTAL,2007,763.07
URY,BA:348,EAR_4MTH_SEX_ECO_CUR_NB,ECO_AGGREGATE_TOTAL,2008,824.14
URY,BA:348,EAR_4MTH_SEX_ECO_CUR_NB,ECO_AGGREGATE_TOTAL,2009,887.33
URY,BA:348,EAR_4MTH_SEX_ECO_CUR_NB,ECO_AGGREGATE_TOTAL,2010,894.57
URY,BA:348,EAR_4MTH_SEX_ECO_CUR_NB,ECO_AGGREGATE_TOTAL,2011,988.59
URY,BA:348,EAR_4MTH_SEX_ECO_CUR_NB,ECO_AGGREGATE_TOTAL,2012,1033.69
URY,BA:348,EAR_4MTH_SEX_ECO_CUR_NB,ECO_AGGREGATE_TOTAL,2013,1085.85
URY,BA:348,EAR_4MTH_SEX_ECO_CUR_NB,ECO_AGGREGATE_TOTAL,2014,1150.29
URY,BA:348,EAR_4MTH_SEX_ECO_CUR_NB,ECO_AGGREGATE_TOTAL,2015,1168.47
URY,BA:348,EAR_4MTH_SEX_ECO_CUR_NB,ECO_AGGREGATE_TOTAL,2016,1107.33
USA,DA:1765,EAR_4MTH_SEX_ECO_CUR_NB,ECO_AGGREGATE_TOTAL,1990,1495.37
USA,DA:1765,EAR_4MTH_SEX_ECO_CUR_NB,ECO_AGGREGATE_TOTAL,1991,1532.73
USA,DA:1765,EAR_4MTH_SEX_ECO_CUR_NB,ECO_AGGREGATE_TOTAL,1992,1574.43
USA,DA:1765,EAR_4MTH_SEX_ECO_CUR_NB,ECO_AGGREGATE_TOTAL,1993,1617.86
USA,DA:1765,EAR_4MTH_SEX_ECO_CUR_NB,ECO_AGGREGATE_TOTAL,1994,1670.77
USA,DA:1765,EAR_4MTH_SEX_ECO_CUR_NB,ECO_AGGREGATE_TOTAL,1995,1707.49
USA,DA:1765,EAR_4MTH_SEX_ECO_CUR_NB,ECO_AGGREGATE_TOTAL,1996,1760.62
USA,DA:1765,EAR_4MTH_SEX_ECO_CUR_NB,ECO_AGGREGATE_TOTAL,1997,1839.77
USA,DA:1765,EAR_4MTH_SEX_ECO_CUR_NB,ECO_AGGREGATE_TOTAL,1998,1914.68
USA,DA:1765,EAR_4MTH_SEX_ECO_CUR_NB,ECO_AGGREGATE_TOTAL,1999,1977.86
USA,DA:1765,EAR_4MTH_SEX_ECO_CUR_NB,ECO_AGGREGATE_TOTAL,2000,2055.54
USA,DA:1765,EAR_4MTH_SEX_ECO_CUR_NB,ECO_AGGREGATE_TOTAL,2001,2120.57
USA,DA:1765,EAR_4MTH_SEX_ECO_CUR_NB,ECO_AGGREGATE_TOTAL,2002,2180.85
USA,BA:453,EAR_4MTH_SEX_ECO_CUR_NB,ECO_AGGREGATE_TOTAL,2009,4407.94
USA,BA:453,EAR_4MTH_SEX_ECO_CUR_NB,ECO_AGGREGATE_TOTAL,2010,4416.6
UZB,EA:1769,EAR_4MTH_SEX_ECO_CUR_NB,ECO_AGGREGATE_TOTAL,2011,987.9
VEN,BA:382,EAR_4MTH_SEX_ECO_CUR_NB,ECO_AGGREGATE_TOTAL,2008,750.28
VEN,BA:382,EAR_4MTH_SEX_ECO_CUR_NB,ECO_AGGREGATE_TOTAL,2009,749.89
VEN,BA:382,EAR_4MTH_SEX_ECO_CUR_NB,ECO_AGGREGATE_TOTAL,2010,747.47
VEN,BA:382,EAR_4MTH_SEX_ECO_CUR_NB,ECO_AGGREGATE_TOTAL,2011,752.65
VEN,BA:382,EAR_4MTH_SEX_ECO_CUR_NB,ECO_AGGREGATE_TOTAL,2012,814.09
VNM,BA:1788,EAR_4MTH_SEX_ECO_CUR_NB,ECO_AGGREGATE_TOTAL,2007,295.33
VNM,BA:1788,EAR_4MTH_SEX_ECO_CUR_NB,ECO_AGGREGATE_TOTAL,2009,85.14
VNM,BA:1788,EAR_4MTH_SEX_ECO_CUR_NB,ECO_AGGREGATE_TOTAL,2010,380
VNM,BA:1788,EAR_4MTH_SEX_ECO_CUR_NB,ECO_AGGREGATE_TOTAL,2011,409.73
VNM,BA:1788,EAR_4MTH_SEX_ECO_CUR_NB,ECO_AGGREGATE_TOTAL,2012,461.08
VNM,BA:1788,EAR_4MTH_SEX_ECO_CUR_NB,ECO_AGGREGATE_TOTAL,2013,478.79
VNM,BA:1788,EAR_4MTH_SEX_ECO_CUR_NB,ECO_AGGREGATE_TOTAL,2014,506.77
VNM,BA:1788,EAR_4MTH_SEX_ECO_CUR_NB,ECO_AGGREGATE_TOTAL,2015,576.77
VNM,BA:1788,EAR_4MTH_SEX_ECO_CUR_NB,ECO_AGGREGATE_TOTAL,2016,606.11
WSM,BA:1794,EAR_4MTH_SEX_ECO_CUR_NB,ECO_AGGREGATE_TOTAL,2012,746.86
YEM,BA:13360,EAR_4MTH_SEX_ECO_CUR_NB,ECO_AGGREGATE_TOTAL,2010,506.63
YEM,BA:13360,EAR_4MTH_SEX_ECO_CUR_NB,ECO_AGGREGATE_TOTAL,2014,649.28
ZAF,DA:1811,EAR_4MTH_SEX_ECO_CUR_NB,ECO_AGGREGATE_TOTAL,1996,1086.19
ZAF,DA:1811,EAR_4MTH_SEX_ECO_CUR_NB,ECO_AGGREGATE_TOTAL,1997,1133.8
ZAF,DA:1811,EAR_4MTH_SEX_ECO_CUR_NB,ECO_AGGREGATE_TOTAL,1998,1177
ZAF,DA:1811,EAR_4MTH_SEX_ECO_CUR_NB,ECO_AGGREGATE_TOTAL,1999,1234.46
ZAF,DA:1811,EAR_4MTH_SEX_ECO_CUR_NB,ECO_AGGREGATE_TOTAL,2000,1321.64
ZAF,DA:1811,EAR_4MTH_SEX_ECO_CUR_NB,ECO_AGGREGATE_TOTAL,2001,1408.59
ZAF,DA:1811,EAR_4MTH_SEX_ECO_CUR_NB,ECO_AGGREGATE_TOTAL,2002,1447.4
ZAF,BA:595 (linked),EAR_4MTH_SEX_ECO_CUR_NB,ECO_AGGREGATE_TOTAL,2003,1292.25
ZAF,BA:595 (linked),EAR_4MTH_SEX_ECO_CUR_NB,ECO_AGGREGATE_TOTAL,2004,1384.96
ZAF,DA:1811,EAR_4MTH_SEX_ECO_CUR_NB,ECO_AGGREGATE_TOTAL,2005,1691.1
ZAF,DA:1811,EAR_4MTH_SEX_ECO_CUR_NB,ECO_AGGREGATE_TOTAL,2006,1839.92
ZAF,DA:1811,EAR_4MTH_SEX_ECO_CUR_NB,ECO_AGGREGATE_TOTAL,2007,1943.28
ZAF,DA:1811,EAR_4MTH_SEX_ECO_CUR_NB,ECO_AGGREGATE_TOTAL,2008,2044.75
ZAF,BA:595 (linked),EAR_4MTH_SEX_ECO_CUR_NB,ECO_AGGREGATE_TOTAL,2011,2601.54
ZAF,BA:595 (linked),EAR_4MTH_SEX_ECO_CUR_NB,ECO_AGGREGATE_TOTAL,2012,2808.08
ZAF,BA:595 (linked),EAR_4MTH_SEX_ECO_CUR_NB,ECO_AGGREGATE_TOTAL,2013,3272.73
ZAF,BA:595 (linked),EAR_4MTH_SEX_ECO_CUR_NB,ECO_AGGREGATE_TOTAL,2015,1135.71
ZWE,BA:1823,EAR_4MTH_SEX_ECO_CUR_NB,ECO_AGGREGATE_TOTAL,2011,430.23
ZWE,DA:649,EAR_4MTH_SEX_ECO_CUR_NB,ECO_AGGREGATE_TOTAL,2015,1462.33
