"iso3c","year","LeftWing"
"AFG",1980,1
"AFG",1981,1
"AFG",1982,1
"AFG",1983,1
"AFG",1984,1
"AFG",1985,1
"AFG",1986,1
"AFG",1987,1
"AFG",1988,1
"AFG",1989,1
"AFG",1990,1
"AFG",1991,1
"AFG",1992,1
"AFG",1993,NA
"AFG",1994,NA
"AFG",1995,NA
"AFG",1996,NA
"AFG",1997,NA
"AFG",1998,NA
"AFG",1999,NA
"AFG",2000,NA
"AFG",2001,NA
"AFG",2002,NA
"AFG",2003,NA
"AFG",2004,NA
"AFG",2005,NA
"AFG",2006,NA
"AFG",2007,NA
"AFG",2008,NA
"AFG",2009,NA
"AFG",2010,NA
"AFG",2011,NA
"AFG",2012,NA
"AFG",2013,NA
"AFG",2014,NA
"AFG",2015,NA
"AFG",2016,NA
"AFG",2017,NA
"AGO",1980,1
"AGO",1981,1
"AGO",1982,1
"AGO",1983,1
"AGO",1984,1
"AGO",1985,1
"AGO",1986,1
"AGO",1987,1
"AGO",1988,1
"AGO",1989,1
"AGO",1990,1
"AGO",1991,1
"AGO",1992,1
"AGO",1993,1
"AGO",1994,1
"AGO",1995,1
"AGO",1996,1
"AGO",1997,1
"AGO",1998,1
"AGO",1999,1
"AGO",2000,1
"AGO",2001,1
"AGO",2002,1
"AGO",2003,1
"AGO",2004,1
"AGO",2005,1
"AGO",2006,1
"AGO",2007,1
"AGO",2008,1
"AGO",2009,1
"AGO",2010,1
"AGO",2011,1
"AGO",2012,1
"AGO",2013,1
"AGO",2014,1
"AGO",2015,1
"AGO",2016,1
"AGO",2017,1
"ALB",1980,1
"ALB",1981,1
"ALB",1982,1
"ALB",1983,1
"ALB",1984,1
"ALB",1985,1
"ALB",1986,1
"ALB",1987,1
"ALB",1988,1
"ALB",1989,1
"ALB",1990,1
"ALB",1991,1
"ALB",1992,1
"ALB",1993,NA
"ALB",1994,NA
"ALB",1995,NA
"ALB",1996,NA
"ALB",1997,NA
"ALB",1998,1
"ALB",1999,1
"ALB",2000,1
"ALB",2001,1
"ALB",2002,1
"ALB",2003,1
"ALB",2004,1
"ALB",2005,1
"ALB",2006,NA
"ALB",2007,NA
"ALB",2008,NA
"ALB",2009,NA
"ALB",2010,NA
"ALB",2011,NA
"ALB",2012,NA
"ALB",2013,NA
"ALB",2014,1
"ALB",2015,1
"ALB",2016,1
"ALB",2017,1
"ARE",1980,NA
"ARE",1981,NA
"ARE",1982,NA
"ARE",1983,NA
"ARE",1984,NA
"ARE",1985,NA
"ARE",1986,NA
"ARE",1987,NA
"ARE",1988,NA
"ARE",1989,NA
"ARE",1990,NA
"ARE",1991,NA
"ARE",1992,NA
"ARE",1993,NA
"ARE",1994,NA
"ARE",1995,NA
"ARE",1996,NA
"ARE",1997,NA
"ARE",1998,NA
"ARE",1999,NA
"ARE",2000,NA
"ARE",2001,NA
"ARE",2002,NA
"ARE",2003,NA
"ARE",2004,NA
"ARE",2005,NA
"ARE",2006,NA
"ARE",2007,NA
"ARE",2008,NA
"ARE",2009,NA
"ARE",2010,NA
"ARE",2011,NA
"ARE",2012,NA
"ARE",2013,NA
"ARE",2014,NA
"ARE",2015,NA
"ARE",2016,NA
"ARE",2017,NA
"ARG",1980,NA
"ARG",1981,NA
"ARG",1982,NA
"ARG",1983,NA
"ARG",1984,NA
"ARG",1985,NA
"ARG",1986,NA
"ARG",1987,NA
"ARG",1988,NA
"ARG",1989,NA
"ARG",1990,NA
"ARG",1991,NA
"ARG",1992,NA
"ARG",1993,NA
"ARG",1994,NA
"ARG",1995,NA
"ARG",1996,NA
"ARG",1997,NA
"ARG",1998,NA
"ARG",1999,NA
"ARG",2000,NA
"ARG",2001,NA
"ARG",2002,NA
"ARG",2003,NA
"ARG",2004,1
"ARG",2005,1
"ARG",2006,1
"ARG",2007,1
"ARG",2008,1
"ARG",2009,1
"ARG",2010,1
"ARG",2011,1
"ARG",2012,1
"ARG",2013,1
"ARG",2014,1
"ARG",2015,1
"ARG",2016,NA
"ARG",2017,NA
"ARM",1980,NA
"ARM",1981,NA
"ARM",1982,NA
"ARM",1983,NA
"ARM",1984,NA
"ARM",1985,NA
"ARM",1986,NA
"ARM",1987,NA
"ARM",1988,NA
"ARM",1989,NA
"ARM",1990,NA
"ARM",1991,NA
"ARM",1992,NA
"ARM",1993,NA
"ARM",1994,NA
"ARM",1995,NA
"ARM",1996,NA
"ARM",1997,NA
"ARM",1998,NA
"ARM",1999,NA
"ARM",2000,NA
"ARM",2001,NA
"ARM",2002,NA
"ARM",2003,NA
"ARM",2004,NA
"ARM",2005,NA
"ARM",2006,NA
"ARM",2007,NA
"ARM",2008,NA
"ARM",2009,NA
"ARM",2010,NA
"ARM",2011,NA
"ARM",2012,NA
"ARM",2013,NA
"ARM",2014,NA
"ARM",2015,NA
"ARM",2016,NA
"ARM",2017,NA
"AUS",1980,NA
"AUS",1981,NA
"AUS",1982,NA
"AUS",1983,NA
"AUS",1984,1
"AUS",1985,1
"AUS",1986,1
"AUS",1987,1
"AUS",1988,1
"AUS",1989,1
"AUS",1990,1
"AUS",1991,1
"AUS",1992,1
"AUS",1993,1
"AUS",1994,1
"AUS",1995,1
"AUS",1996,1
"AUS",1997,NA
"AUS",1998,NA
"AUS",1999,NA
"AUS",2000,NA
"AUS",2001,NA
"AUS",2002,NA
"AUS",2003,NA
"AUS",2004,NA
"AUS",2005,NA
"AUS",2006,NA
"AUS",2007,NA
"AUS",2008,1
"AUS",2009,1
"AUS",2010,1
"AUS",2011,1
"AUS",2012,1
"AUS",2013,1
"AUS",2014,NA
"AUS",2015,NA
"AUS",2016,NA
"AUS",2017,NA
"AUT",1980,1
"AUT",1981,1
"AUT",1982,1
"AUT",1983,1
"AUT",1984,1
"AUT",1985,1
"AUT",1986,1
"AUT",1987,1
"AUT",1988,1
"AUT",1989,1
"AUT",1990,1
"AUT",1991,1
"AUT",1992,1
"AUT",1993,1
"AUT",1994,1
"AUT",1995,1
"AUT",1996,1
"AUT",1997,1
"AUT",1998,1
"AUT",1999,1
"AUT",2000,NA
"AUT",2001,NA
"AUT",2002,NA
"AUT",2003,NA
"AUT",2004,NA
"AUT",2005,NA
"AUT",2006,NA
"AUT",2007,1
"AUT",2008,1
"AUT",2009,1
"AUT",2010,1
"AUT",2011,1
"AUT",2012,1
"AUT",2013,1
"AUT",2014,1
"AUT",2015,1
"AUT",2016,1
"AUT",2017,1
"AZE",1980,NA
"AZE",1981,NA
"AZE",1982,NA
"AZE",1983,NA
"AZE",1984,NA
"AZE",1985,NA
"AZE",1986,NA
"AZE",1987,NA
"AZE",1988,NA
"AZE",1989,NA
"AZE",1990,NA
"AZE",1991,NA
"AZE",1992,NA
"AZE",1993,NA
"AZE",1994,NA
"AZE",1995,NA
"AZE",1996,NA
"AZE",1997,NA
"AZE",1998,NA
"AZE",1999,NA
"AZE",2000,NA
"AZE",2001,NA
"AZE",2002,NA
"AZE",2003,NA
"AZE",2004,NA
"AZE",2005,NA
"AZE",2006,NA
"AZE",2007,NA
"AZE",2008,NA
"AZE",2009,NA
"AZE",2010,NA
"AZE",2011,NA
"AZE",2012,NA
"AZE",2013,NA
"AZE",2014,NA
"AZE",2015,NA
"AZE",2016,NA
"AZE",2017,NA
"BDI",1980,NA
"BDI",1981,NA
"BDI",1982,NA
"BDI",1983,NA
"BDI",1984,NA
"BDI",1985,NA
"BDI",1986,NA
"BDI",1987,NA
"BDI",1988,NA
"BDI",1989,NA
"BDI",1990,NA
"BDI",1991,NA
"BDI",1992,NA
"BDI",1993,NA
"BDI",1994,NA
"BDI",1995,NA
"BDI",1996,NA
"BDI",1997,NA
"BDI",1998,NA
"BDI",1999,NA
"BDI",2000,NA
"BDI",2001,NA
"BDI",2002,NA
"BDI",2003,NA
"BDI",2004,NA
"BDI",2005,NA
"BDI",2006,NA
"BDI",2007,NA
"BDI",2008,NA
"BDI",2009,NA
"BDI",2010,NA
"BDI",2011,NA
"BDI",2012,NA
"BDI",2013,NA
"BDI",2014,NA
"BDI",2015,NA
"BDI",2016,NA
"BDI",2017,NA
"BEL",1980,NA
"BEL",1981,NA
"BEL",1982,NA
"BEL",1983,NA
"BEL",1984,NA
"BEL",1985,NA
"BEL",1986,NA
"BEL",1987,NA
"BEL",1988,NA
"BEL",1989,NA
"BEL",1990,NA
"BEL",1991,NA
"BEL",1992,NA
"BEL",1993,NA
"BEL",1994,NA
"BEL",1995,NA
"BEL",1996,NA
"BEL",1997,NA
"BEL",1998,NA
"BEL",1999,NA
"BEL",2000,NA
"BEL",2001,NA
"BEL",2002,NA
"BEL",2003,NA
"BEL",2004,NA
"BEL",2005,NA
"BEL",2006,NA
"BEL",2007,NA
"BEL",2008,NA
"BEL",2009,NA
"BEL",2010,NA
"BEL",2011,NA
"BEL",2012,1
"BEL",2013,1
"BEL",2014,1
"BEL",2015,NA
"BEL",2016,NA
"BEL",2017,NA
"BEN",1980,1
"BEN",1981,1
"BEN",1982,1
"BEN",1983,1
"BEN",1984,1
"BEN",1985,1
"BEN",1986,1
"BEN",1987,1
"BEN",1988,1
"BEN",1989,1
"BEN",1990,1
"BEN",1991,1
"BEN",1992,1
"BEN",1993,1
"BEN",1994,1
"BEN",1995,1
"BEN",1996,NA
"BEN",1997,NA
"BEN",1998,NA
"BEN",1999,NA
"BEN",2000,NA
"BEN",2001,NA
"BEN",2002,NA
"BEN",2003,NA
"BEN",2004,NA
"BEN",2005,NA
"BEN",2006,NA
"BEN",2007,NA
"BEN",2008,NA
"BEN",2009,NA
"BEN",2010,NA
"BEN",2011,NA
"BEN",2012,NA
"BEN",2013,NA
"BEN",2014,NA
"BEN",2015,NA
"BEN",2016,NA
"BEN",2017,NA
"BFA",1980,1
"BFA",1981,1
"BFA",1982,1
"BFA",1983,1
"BFA",1984,1
"BFA",1985,1
"BFA",1986,1
"BFA",1987,1
"BFA",1988,1
"BFA",1989,1
"BFA",1990,1
"BFA",1991,1
"BFA",1992,NA
"BFA",1993,NA
"BFA",1994,NA
"BFA",1995,NA
"BFA",1996,NA
"BFA",1997,NA
"BFA",1998,NA
"BFA",1999,NA
"BFA",2000,NA
"BFA",2001,NA
"BFA",2002,NA
"BFA",2003,NA
"BFA",2004,NA
"BFA",2005,NA
"BFA",2006,NA
"BFA",2007,NA
"BFA",2008,NA
"BFA",2009,NA
"BFA",2010,NA
"BFA",2011,NA
"BFA",2012,NA
"BFA",2013,NA
"BFA",2014,NA
"BFA",2015,NA
"BFA",2016,NA
"BFA",2017,NA
"BGD",1980,NA
"BGD",1981,NA
"BGD",1982,NA
"BGD",1983,NA
"BGD",1984,NA
"BGD",1985,NA
"BGD",1986,NA
"BGD",1987,NA
"BGD",1988,NA
"BGD",1989,NA
"BGD",1990,NA
"BGD",1991,1
"BGD",1992,NA
"BGD",1993,NA
"BGD",1994,NA
"BGD",1995,NA
"BGD",1996,NA
"BGD",1997,NA
"BGD",1998,NA
"BGD",1999,NA
"BGD",2000,NA
"BGD",2001,NA
"BGD",2002,NA
"BGD",2003,NA
"BGD",2004,NA
"BGD",2005,NA
"BGD",2006,NA
"BGD",2007,NA
"BGD",2008,NA
"BGD",2009,NA
"BGD",2010,NA
"BGD",2011,NA
"BGD",2012,NA
"BGD",2013,NA
"BGD",2014,NA
"BGD",2015,NA
"BGD",2016,NA
"BGD",2017,NA
"BGR",1980,1
"BGR",1981,1
"BGR",1982,1
"BGR",1983,1
"BGR",1984,1
"BGR",1985,1
"BGR",1986,1
"BGR",1987,1
"BGR",1988,1
"BGR",1989,1
"BGR",1990,1
"BGR",1991,NA
"BGR",1992,NA
"BGR",1993,NA
"BGR",1994,NA
"BGR",1995,NA
"BGR",1996,NA
"BGR",1997,NA
"BGR",1998,NA
"BGR",1999,NA
"BGR",2000,NA
"BGR",2001,NA
"BGR",2002,NA
"BGR",2003,NA
"BGR",2004,NA
"BGR",2005,NA
"BGR",2006,NA
"BGR",2007,NA
"BGR",2008,NA
"BGR",2009,NA
"BGR",2010,NA
"BGR",2011,NA
"BGR",2012,NA
"BGR",2013,NA
"BGR",2014,NA
"BGR",2015,NA
"BGR",2016,NA
"BGR",2017,NA
"BHR",1980,NA
"BHR",1981,NA
"BHR",1982,NA
"BHR",1983,NA
"BHR",1984,NA
"BHR",1985,NA
"BHR",1986,NA
"BHR",1987,NA
"BHR",1988,NA
"BHR",1989,NA
"BHR",1990,NA
"BHR",1991,NA
"BHR",1992,NA
"BHR",1993,NA
"BHR",1994,NA
"BHR",1995,NA
"BHR",1996,NA
"BHR",1997,NA
"BHR",1998,NA
"BHR",1999,NA
"BHR",2000,NA
"BHR",2001,NA
"BHR",2002,NA
"BHR",2003,NA
"BHR",2004,NA
"BHR",2005,NA
"BHR",2006,NA
"BHR",2007,NA
"BHR",2008,NA
"BHR",2009,NA
"BHR",2010,NA
"BHR",2011,NA
"BHR",2012,NA
"BHR",2013,NA
"BHR",2014,NA
"BHR",2015,NA
"BHR",2016,NA
"BHR",2017,NA
"BHS",1980,NA
"BHS",1981,NA
"BHS",1982,NA
"BHS",1983,NA
"BHS",1984,NA
"BHS",1985,NA
"BHS",1986,NA
"BHS",1987,NA
"BHS",1988,NA
"BHS",1989,NA
"BHS",1990,NA
"BHS",1991,NA
"BHS",1992,NA
"BHS",1993,NA
"BHS",1994,NA
"BHS",1995,NA
"BHS",1996,NA
"BHS",1997,NA
"BHS",1998,NA
"BHS",1999,NA
"BHS",2000,NA
"BHS",2001,NA
"BHS",2002,NA
"BHS",2003,NA
"BHS",2004,NA
"BHS",2005,NA
"BHS",2006,NA
"BHS",2007,NA
"BHS",2008,NA
"BHS",2009,NA
"BHS",2010,NA
"BHS",2011,NA
"BHS",2012,NA
"BHS",2013,NA
"BHS",2014,NA
"BHS",2015,NA
"BHS",2016,NA
"BHS",2017,NA
"BIH",1980,NA
"BIH",1981,NA
"BIH",1982,NA
"BIH",1983,NA
"BIH",1984,NA
"BIH",1985,NA
"BIH",1986,NA
"BIH",1987,NA
"BIH",1988,NA
"BIH",1989,NA
"BIH",1990,NA
"BIH",1991,NA
"BIH",1992,NA
"BIH",1993,NA
"BIH",1994,NA
"BIH",1995,NA
"BIH",1996,NA
"BIH",1997,NA
"BIH",1998,NA
"BIH",1999,NA
"BIH",2000,NA
"BIH",2001,NA
"BIH",2002,NA
"BIH",2003,NA
"BIH",2004,NA
"BIH",2005,NA
"BIH",2006,NA
"BIH",2007,NA
"BIH",2008,NA
"BIH",2009,NA
"BIH",2010,NA
"BIH",2011,NA
"BIH",2012,NA
"BIH",2013,NA
"BIH",2014,NA
"BIH",2015,NA
"BIH",2016,NA
"BIH",2017,NA
"BLR",1980,NA
"BLR",1981,NA
"BLR",1982,NA
"BLR",1983,NA
"BLR",1984,NA
"BLR",1985,NA
"BLR",1986,NA
"BLR",1987,NA
"BLR",1988,NA
"BLR",1989,NA
"BLR",1990,NA
"BLR",1991,NA
"BLR",1992,1
"BLR",1993,1
"BLR",1994,1
"BLR",1995,NA
"BLR",1996,NA
"BLR",1997,NA
"BLR",1998,NA
"BLR",1999,NA
"BLR",2000,NA
"BLR",2001,NA
"BLR",2002,NA
"BLR",2003,NA
"BLR",2004,NA
"BLR",2005,NA
"BLR",2006,NA
"BLR",2007,NA
"BLR",2008,NA
"BLR",2009,NA
"BLR",2010,NA
"BLR",2011,NA
"BLR",2012,NA
"BLR",2013,NA
"BLR",2014,NA
"BLR",2015,NA
"BLR",2016,NA
"BLR",2017,NA
"BLZ",1980,NA
"BLZ",1981,NA
"BLZ",1982,NA
"BLZ",1983,NA
"BLZ",1984,NA
"BLZ",1985,NA
"BLZ",1986,NA
"BLZ",1987,NA
"BLZ",1988,NA
"BLZ",1989,NA
"BLZ",1990,NA
"BLZ",1991,NA
"BLZ",1992,NA
"BLZ",1993,NA
"BLZ",1994,NA
"BLZ",1995,NA
"BLZ",1996,NA
"BLZ",1997,NA
"BLZ",1998,NA
"BLZ",1999,NA
"BLZ",2000,NA
"BLZ",2001,NA
"BLZ",2002,NA
"BLZ",2003,NA
"BLZ",2004,NA
"BLZ",2005,NA
"BLZ",2006,NA
"BLZ",2007,NA
"BLZ",2008,NA
"BLZ",2009,NA
"BLZ",2010,NA
"BLZ",2011,NA
"BLZ",2012,NA
"BLZ",2013,NA
"BLZ",2014,NA
"BLZ",2015,NA
"BLZ",2016,NA
"BLZ",2017,NA
"BOL",1980,NA
"BOL",1981,NA
"BOL",1982,NA
"BOL",1983,1
"BOL",1984,1
"BOL",1985,1
"BOL",1986,NA
"BOL",1987,NA
"BOL",1988,NA
"BOL",1989,NA
"BOL",1990,1
"BOL",1991,1
"BOL",1992,1
"BOL",1993,1
"BOL",1994,NA
"BOL",1995,NA
"BOL",1996,NA
"BOL",1997,NA
"BOL",1998,NA
"BOL",1999,NA
"BOL",2000,NA
"BOL",2001,NA
"BOL",2002,NA
"BOL",2003,NA
"BOL",2004,NA
"BOL",2005,NA
"BOL",2006,1
"BOL",2007,1
"BOL",2008,1
"BOL",2009,1
"BOL",2010,1
"BOL",2011,1
"BOL",2012,1
"BOL",2013,1
"BOL",2014,1
"BOL",2015,1
"BOL",2016,1
"BOL",2017,1
"BRA",1980,NA
"BRA",1981,NA
"BRA",1982,NA
"BRA",1983,NA
"BRA",1984,NA
"BRA",1985,NA
"BRA",1986,NA
"BRA",1987,NA
"BRA",1988,NA
"BRA",1989,NA
"BRA",1990,NA
"BRA",1991,NA
"BRA",1992,NA
"BRA",1993,NA
"BRA",1994,NA
"BRA",1995,1
"BRA",1996,1
"BRA",1997,1
"BRA",1998,1
"BRA",1999,1
"BRA",2000,1
"BRA",2001,1
"BRA",2002,1
"BRA",2003,1
"BRA",2004,1
"BRA",2005,1
"BRA",2006,1
"BRA",2007,1
"BRA",2008,1
"BRA",2009,1
"BRA",2010,1
"BRA",2011,1
"BRA",2012,1
"BRA",2013,1
"BRA",2014,1
"BRA",2015,1
"BRA",2016,1
"BRA",2017,NA
"BRB",1980,1
"BRB",1981,1
"BRB",1982,1
"BRB",1983,1
"BRB",1984,1
"BRB",1985,1
"BRB",1986,1
"BRB",1987,NA
"BRB",1988,NA
"BRB",1989,NA
"BRB",1990,NA
"BRB",1991,NA
"BRB",1992,NA
"BRB",1993,NA
"BRB",1994,NA
"BRB",1995,1
"BRB",1996,1
"BRB",1997,1
"BRB",1998,1
"BRB",1999,1
"BRB",2000,1
"BRB",2001,1
"BRB",2002,1
"BRB",2003,1
"BRB",2004,1
"BRB",2005,1
"BRB",2006,1
"BRB",2007,1
"BRB",2008,1
"BRB",2009,NA
"BRB",2010,NA
"BRB",2011,NA
"BRB",2012,NA
"BRB",2013,NA
"BRB",2014,NA
"BRB",2015,NA
"BRB",2016,NA
"BRB",2017,NA
"BRN",1980,NA
"BRN",1981,NA
"BRN",1982,NA
"BRN",1983,NA
"BRN",1984,NA
"BRN",1985,NA
"BRN",1986,NA
"BRN",1987,NA
"BRN",1988,NA
"BRN",1989,NA
"BRN",1990,NA
"BRN",1991,NA
"BRN",1992,NA
"BRN",1993,NA
"BRN",1994,NA
"BRN",1995,NA
"BRN",1996,NA
"BRN",1997,NA
"BRN",1998,NA
"BRN",1999,NA
"BRN",2000,NA
"BRN",2001,NA
"BRN",2002,NA
"BRN",2003,NA
"BRN",2004,NA
"BRN",2005,NA
"BRN",2006,NA
"BRN",2007,NA
"BRN",2008,NA
"BRN",2009,NA
"BRN",2010,NA
"BRN",2011,NA
"BRN",2012,NA
"BRN",2013,NA
"BRN",2014,NA
"BRN",2015,NA
"BRN",2016,NA
"BRN",2017,NA
"BTN",1980,NA
"BTN",1981,NA
"BTN",1982,NA
"BTN",1983,NA
"BTN",1984,NA
"BTN",1985,NA
"BTN",1986,NA
"BTN",1987,NA
"BTN",1988,NA
"BTN",1989,NA
"BTN",1990,NA
"BTN",1991,NA
"BTN",1992,NA
"BTN",1993,NA
"BTN",1994,NA
"BTN",1995,NA
"BTN",1996,NA
"BTN",1997,NA
"BTN",1998,NA
"BTN",1999,NA
"BTN",2000,NA
"BTN",2001,NA
"BTN",2002,NA
"BTN",2003,NA
"BTN",2004,NA
"BTN",2005,NA
"BTN",2006,NA
"BTN",2007,NA
"BTN",2008,NA
"BTN",2009,NA
"BTN",2010,NA
"BTN",2011,NA
"BTN",2012,NA
"BTN",2013,NA
"BTN",2014,NA
"BTN",2015,NA
"BTN",2016,NA
"BTN",2017,NA
"BWA",1980,NA
"BWA",1981,NA
"BWA",1982,NA
"BWA",1983,NA
"BWA",1984,NA
"BWA",1985,NA
"BWA",1986,NA
"BWA",1987,NA
"BWA",1988,NA
"BWA",1989,NA
"BWA",1990,NA
"BWA",1991,NA
"BWA",1992,NA
"BWA",1993,NA
"BWA",1994,NA
"BWA",1995,NA
"BWA",1996,NA
"BWA",1997,NA
"BWA",1998,NA
"BWA",1999,NA
"BWA",2000,NA
"BWA",2001,NA
"BWA",2002,NA
"BWA",2003,NA
"BWA",2004,NA
"BWA",2005,NA
"BWA",2006,NA
"BWA",2007,NA
"BWA",2008,NA
"BWA",2009,NA
"BWA",2010,NA
"BWA",2011,NA
"BWA",2012,NA
"BWA",2013,NA
"BWA",2014,NA
"BWA",2015,NA
"BWA",2016,NA
"BWA",2017,NA
"CAF",1980,NA
"CAF",1981,NA
"CAF",1982,NA
"CAF",1983,NA
"CAF",1984,NA
"CAF",1985,NA
"CAF",1986,NA
"CAF",1987,NA
"CAF",1988,NA
"CAF",1989,NA
"CAF",1990,NA
"CAF",1991,NA
"CAF",1992,NA
"CAF",1993,NA
"CAF",1994,NA
"CAF",1995,NA
"CAF",1996,NA
"CAF",1997,NA
"CAF",1998,NA
"CAF",1999,NA
"CAF",2000,NA
"CAF",2001,NA
"CAF",2002,NA
"CAF",2003,NA
"CAF",2004,NA
"CAF",2005,NA
"CAF",2006,NA
"CAF",2007,NA
"CAF",2008,NA
"CAF",2009,NA
"CAF",2010,NA
"CAF",2011,NA
"CAF",2012,NA
"CAF",2013,NA
"CAF",2014,NA
"CAF",2015,NA
"CAF",2016,NA
"CAF",2017,NA
"CAN",1980,NA
"CAN",1981,1
"CAN",1982,1
"CAN",1983,1
"CAN",1984,1
"CAN",1985,NA
"CAN",1986,NA
"CAN",1987,NA
"CAN",1988,NA
"CAN",1989,NA
"CAN",1990,NA
"CAN",1991,NA
"CAN",1992,NA
"CAN",1993,NA
"CAN",1994,1
"CAN",1995,1
"CAN",1996,1
"CAN",1997,1
"CAN",1998,1
"CAN",1999,1
"CAN",2000,1
"CAN",2001,1
"CAN",2002,1
"CAN",2003,1
"CAN",2004,1
"CAN",2005,1
"CAN",2006,1
"CAN",2007,NA
"CAN",2008,NA
"CAN",2009,NA
"CAN",2010,NA
"CAN",2011,NA
"CAN",2012,NA
"CAN",2013,NA
"CAN",2014,NA
"CAN",2015,NA
"CAN",2016,1
"CAN",2017,1
"CHE",1980,NA
"CHE",1981,NA
"CHE",1982,NA
"CHE",1983,NA
"CHE",1984,NA
"CHE",1985,NA
"CHE",1986,NA
"CHE",1987,NA
"CHE",1988,NA
"CHE",1989,NA
"CHE",1990,NA
"CHE",1991,NA
"CHE",1992,NA
"CHE",1993,NA
"CHE",1994,NA
"CHE",1995,NA
"CHE",1996,NA
"CHE",1997,NA
"CHE",1998,NA
"CHE",1999,NA
"CHE",2000,NA
"CHE",2001,NA
"CHE",2002,NA
"CHE",2003,NA
"CHE",2004,NA
"CHE",2005,NA
"CHE",2006,NA
"CHE",2007,NA
"CHE",2008,NA
"CHE",2009,NA
"CHE",2010,NA
"CHE",2011,NA
"CHE",2012,NA
"CHE",2013,NA
"CHE",2014,NA
"CHE",2015,NA
"CHE",2016,NA
"CHE",2017,NA
"CHL",1980,NA
"CHL",1981,NA
"CHL",1982,NA
"CHL",1983,NA
"CHL",1984,NA
"CHL",1985,NA
"CHL",1986,NA
"CHL",1987,NA
"CHL",1988,NA
"CHL",1989,NA
"CHL",1990,NA
"CHL",1991,NA
"CHL",1992,NA
"CHL",1993,NA
"CHL",1994,1
"CHL",1995,1
"CHL",1996,1
"CHL",1997,1
"CHL",1998,1
"CHL",1999,1
"CHL",2000,1
"CHL",2001,1
"CHL",2002,1
"CHL",2003,1
"CHL",2004,1
"CHL",2005,1
"CHL",2006,1
"CHL",2007,1
"CHL",2008,1
"CHL",2009,1
"CHL",2010,1
"CHL",2011,NA
"CHL",2012,NA
"CHL",2013,NA
"CHL",2014,NA
"CHL",2015,NA
"CHL",2016,NA
"CHL",2017,NA
"CHN",1980,1
"CHN",1981,1
"CHN",1982,1
"CHN",1983,1
"CHN",1984,1
"CHN",1985,1
"CHN",1986,1
"CHN",1987,1
"CHN",1988,1
"CHN",1989,1
"CHN",1990,1
"CHN",1991,1
"CHN",1992,1
"CHN",1993,1
"CHN",1994,1
"CHN",1995,1
"CHN",1996,1
"CHN",1997,1
"CHN",1998,1
"CHN",1999,1
"CHN",2000,1
"CHN",2001,1
"CHN",2002,1
"CHN",2003,1
"CHN",2004,1
"CHN",2005,1
"CHN",2006,1
"CHN",2007,1
"CHN",2008,1
"CHN",2009,1
"CHN",2010,1
"CHN",2011,1
"CHN",2012,1
"CHN",2013,1
"CHN",2014,1
"CHN",2015,1
"CHN",2016,1
"CHN",2017,1
"CIV",1980,NA
"CIV",1981,NA
"CIV",1982,NA
"CIV",1983,NA
"CIV",1984,NA
"CIV",1985,NA
"CIV",1986,NA
"CIV",1987,NA
"CIV",1988,NA
"CIV",1989,NA
"CIV",1990,NA
"CIV",1991,NA
"CIV",1992,NA
"CIV",1993,NA
"CIV",1994,NA
"CIV",1995,NA
"CIV",1996,NA
"CIV",1997,NA
"CIV",1998,NA
"CIV",1999,NA
"CIV",2000,NA
"CIV",2001,1
"CIV",2002,1
"CIV",2003,1
"CIV",2004,1
"CIV",2005,1
"CIV",2006,1
"CIV",2007,1
"CIV",2008,1
"CIV",2009,1
"CIV",2010,1
"CIV",2011,NA
"CIV",2012,NA
"CIV",2013,NA
"CIV",2014,NA
"CIV",2015,NA
"CIV",2016,NA
"CIV",2017,NA
"CMR",1980,NA
"CMR",1981,NA
"CMR",1982,NA
"CMR",1983,NA
"CMR",1984,NA
"CMR",1985,NA
"CMR",1986,NA
"CMR",1987,NA
"CMR",1988,NA
"CMR",1989,NA
"CMR",1990,NA
"CMR",1991,NA
"CMR",1992,NA
"CMR",1993,NA
"CMR",1994,NA
"CMR",1995,NA
"CMR",1996,NA
"CMR",1997,NA
"CMR",1998,NA
"CMR",1999,NA
"CMR",2000,NA
"CMR",2001,NA
"CMR",2002,NA
"CMR",2003,NA
"CMR",2004,NA
"CMR",2005,NA
"CMR",2006,NA
"CMR",2007,NA
"CMR",2008,NA
"CMR",2009,NA
"CMR",2010,NA
"CMR",2011,NA
"CMR",2012,NA
"CMR",2013,NA
"CMR",2014,NA
"CMR",2015,NA
"CMR",2016,NA
"CMR",2017,NA
"COG",1980,1
"COG",1981,1
"COG",1982,1
"COG",1983,1
"COG",1984,1
"COG",1985,1
"COG",1986,1
"COG",1987,1
"COG",1988,1
"COG",1989,1
"COG",1990,1
"COG",1991,1
"COG",1992,1
"COG",1993,1
"COG",1994,1
"COG",1995,1
"COG",1996,1
"COG",1997,1
"COG",1998,1
"COG",1999,1
"COG",2000,1
"COG",2001,1
"COG",2002,1
"COG",2003,1
"COG",2004,1
"COG",2005,1
"COG",2006,1
"COG",2007,1
"COG",2008,1
"COG",2009,1
"COG",2010,1
"COG",2011,1
"COG",2012,1
"COG",2013,1
"COG",2014,1
"COG",2015,1
"COG",2016,1
"COG",2017,1
"COL",1980,NA
"COL",1981,NA
"COL",1982,NA
"COL",1983,NA
"COL",1984,NA
"COL",1985,NA
"COL",1986,NA
"COL",1987,NA
"COL",1988,NA
"COL",1989,NA
"COL",1990,NA
"COL",1991,NA
"COL",1992,NA
"COL",1993,NA
"COL",1994,NA
"COL",1995,NA
"COL",1996,NA
"COL",1997,NA
"COL",1998,NA
"COL",1999,NA
"COL",2000,NA
"COL",2001,NA
"COL",2002,NA
"COL",2003,NA
"COL",2004,NA
"COL",2005,NA
"COL",2006,NA
"COL",2007,NA
"COL",2008,NA
"COL",2009,NA
"COL",2010,NA
"COL",2011,NA
"COL",2012,NA
"COL",2013,NA
"COL",2014,NA
"COL",2015,NA
"COL",2016,NA
"COL",2017,NA
"COM",1980,NA
"COM",1981,NA
"COM",1982,NA
"COM",1983,NA
"COM",1984,NA
"COM",1985,NA
"COM",1986,NA
"COM",1987,NA
"COM",1988,NA
"COM",1989,NA
"COM",1990,NA
"COM",1991,NA
"COM",1992,NA
"COM",1993,NA
"COM",1994,NA
"COM",1995,NA
"COM",1996,NA
"COM",1997,NA
"COM",1998,NA
"COM",1999,NA
"COM",2000,NA
"COM",2001,NA
"COM",2002,NA
"COM",2003,NA
"COM",2004,NA
"COM",2005,NA
"COM",2006,NA
"COM",2007,NA
"COM",2008,NA
"COM",2009,NA
"COM",2010,NA
"COM",2011,NA
"COM",2012,NA
"COM",2013,NA
"COM",2014,NA
"COM",2015,NA
"COM",2016,NA
"COM",2017,NA
"CPV",1980,1
"CPV",1981,1
"CPV",1982,1
"CPV",1983,1
"CPV",1984,1
"CPV",1985,1
"CPV",1986,1
"CPV",1987,1
"CPV",1988,1
"CPV",1989,1
"CPV",1990,1
"CPV",1991,1
"CPV",1992,NA
"CPV",1993,NA
"CPV",1994,NA
"CPV",1995,NA
"CPV",1996,NA
"CPV",1997,NA
"CPV",1998,NA
"CPV",1999,NA
"CPV",2000,NA
"CPV",2001,NA
"CPV",2002,1
"CPV",2003,1
"CPV",2004,1
"CPV",2005,1
"CPV",2006,1
"CPV",2007,1
"CPV",2008,1
"CPV",2009,1
"CPV",2010,1
"CPV",2011,1
"CPV",2012,NA
"CPV",2013,NA
"CPV",2014,NA
"CPV",2015,NA
"CPV",2016,NA
"CPV",2017,NA
"CRI",1980,NA
"CRI",1981,NA
"CRI",1982,NA
"CRI",1983,1
"CRI",1984,1
"CRI",1985,1
"CRI",1986,1
"CRI",1987,1
"CRI",1988,1
"CRI",1989,1
"CRI",1990,1
"CRI",1991,NA
"CRI",1992,NA
"CRI",1993,NA
"CRI",1994,NA
"CRI",1995,1
"CRI",1996,1
"CRI",1997,1
"CRI",1998,1
"CRI",1999,NA
"CRI",2000,NA
"CRI",2001,NA
"CRI",2002,NA
"CRI",2003,NA
"CRI",2004,NA
"CRI",2005,NA
"CRI",2006,NA
"CRI",2007,1
"CRI",2008,1
"CRI",2009,1
"CRI",2010,1
"CRI",2011,1
"CRI",2012,1
"CRI",2013,1
"CRI",2014,1
"CRI",2015,1
"CRI",2016,1
"CRI",2017,1
"CSK",1980,1
"CSK",1981,1
"CSK",1982,1
"CSK",1983,1
"CSK",1984,1
"CSK",1985,1
"CSK",1986,1
"CSK",1987,1
"CSK",1988,1
"CSK",1989,1
"CSK",1990,1
"CUB",1980,1
"CUB",1981,1
"CUB",1982,1
"CUB",1983,1
"CUB",1984,1
"CUB",1985,1
"CUB",1986,1
"CUB",1987,1
"CUB",1988,1
"CUB",1989,1
"CUB",1990,1
"CUB",1991,1
"CUB",1992,1
"CUB",1993,1
"CUB",1994,1
"CUB",1995,1
"CUB",1996,1
"CUB",1997,1
"CUB",1998,1
"CUB",1999,1
"CUB",2000,1
"CUB",2001,1
"CUB",2002,1
"CUB",2003,1
"CUB",2004,1
"CUB",2005,1
"CUB",2006,1
"CUB",2007,1
"CUB",2008,1
"CUB",2009,1
"CUB",2010,1
"CUB",2011,1
"CUB",2012,1
"CUB",2013,1
"CUB",2014,1
"CUB",2015,1
"CUB",2016,1
"CUB",2017,1
"CYP",1980,NA
"CYP",1981,NA
"CYP",1982,NA
"CYP",1983,NA
"CYP",1984,NA
"CYP",1985,NA
"CYP",1986,NA
"CYP",1987,NA
"CYP",1988,NA
"CYP",1989,NA
"CYP",1990,NA
"CYP",1991,NA
"CYP",1992,NA
"CYP",1993,NA
"CYP",1994,NA
"CYP",1995,NA
"CYP",1996,NA
"CYP",1997,NA
"CYP",1998,NA
"CYP",1999,NA
"CYP",2000,NA
"CYP",2001,NA
"CYP",2002,NA
"CYP",2003,NA
"CYP",2004,NA
"CYP",2005,NA
"CYP",2006,NA
"CYP",2007,NA
"CYP",2008,NA
"CYP",2009,1
"CYP",2010,1
"CYP",2011,1
"CYP",2012,1
"CYP",2013,1
"CYP",2014,NA
"CYP",2015,NA
"CYP",2016,NA
"CYP",2017,NA
"CZE",1991,NA
"CZE",1992,NA
"CZE",1993,NA
"CZE",1994,NA
"CZE",1995,NA
"CZE",1996,NA
"CZE",1997,NA
"CZE",1998,NA
"CZE",1999,1
"CZE",2000,1
"CZE",2001,1
"CZE",2002,1
"CZE",2003,1
"CZE",2004,1
"CZE",2005,1
"CZE",2006,1
"CZE",2007,NA
"CZE",2008,NA
"CZE",2009,NA
"CZE",2010,NA
"CZE",2011,NA
"CZE",2012,NA
"CZE",2013,NA
"CZE",2014,NA
"CZE",2015,1
"CZE",2016,1
"CZE",2017,1
"DDR",1980,1
"DDR",1981,1
"DDR",1982,1
"DDR",1983,1
"DDR",1984,1
"DDR",1985,1
"DDR",1986,1
"DDR",1987,1
"DDR",1988,1
"DDR",1989,1
"DDR",1990,1
"DDR",1991,NA
"DDR",1992,NA
"DDR",1993,NA
"DDR",1994,NA
"DDR",1995,NA
"DDR",1996,NA
"DDR",1997,NA
"DDR",1998,NA
"DDR",1999,NA
"DDR",2000,NA
"DDR",2001,NA
"DDR",2002,NA
"DDR",2003,NA
"DDR",2004,NA
"DDR",2005,NA
"DDR",2006,NA
"DDR",2007,NA
"DDR",2008,NA
"DDR",2009,NA
"DDR",2010,NA
"DDR",2011,NA
"DDR",2012,NA
"DDR",2013,NA
"DDR",2014,NA
"DDR",2015,NA
"DDR",2016,NA
"DDR",2017,NA
"DEU",1980,1
"DEU",1981,1
"DEU",1982,1
"DEU",1983,NA
"DEU",1984,NA
"DEU",1985,NA
"DEU",1986,NA
"DEU",1987,NA
"DEU",1988,NA
"DEU",1989,NA
"DEU",1990,NA
"DEU",1991,NA
"DEU",1992,NA
"DEU",1993,NA
"DEU",1994,NA
"DEU",1995,NA
"DEU",1996,NA
"DEU",1997,NA
"DEU",1998,NA
"DEU",1999,1
"DEU",2000,1
"DEU",2001,1
"DEU",2002,1
"DEU",2003,1
"DEU",2004,1
"DEU",2005,1
"DEU",2006,NA
"DEU",2007,NA
"DEU",2008,NA
"DEU",2009,NA
"DEU",2010,NA
"DEU",2011,NA
"DEU",2012,NA
"DEU",2013,NA
"DEU",2014,NA
"DEU",2015,NA
"DEU",2016,NA
"DEU",2017,NA
"DJI",1980,NA
"DJI",1981,NA
"DJI",1982,NA
"DJI",1983,NA
"DJI",1984,NA
"DJI",1985,NA
"DJI",1986,NA
"DJI",1987,NA
"DJI",1988,NA
"DJI",1989,NA
"DJI",1990,NA
"DJI",1991,NA
"DJI",1992,NA
"DJI",1993,NA
"DJI",1994,NA
"DJI",1995,NA
"DJI",1996,NA
"DJI",1997,NA
"DJI",1998,NA
"DJI",1999,NA
"DJI",2000,NA
"DJI",2001,NA
"DJI",2002,NA
"DJI",2003,NA
"DJI",2004,NA
"DJI",2005,NA
"DJI",2006,NA
"DJI",2007,NA
"DJI",2008,NA
"DJI",2009,NA
"DJI",2010,NA
"DJI",2011,NA
"DJI",2012,NA
"DJI",2013,NA
"DJI",2014,NA
"DJI",2015,NA
"DJI",2016,NA
"DJI",2017,NA
"DNK",1980,1
"DNK",1981,1
"DNK",1982,1
"DNK",1983,NA
"DNK",1984,NA
"DNK",1985,NA
"DNK",1986,NA
"DNK",1987,NA
"DNK",1988,NA
"DNK",1989,NA
"DNK",1990,NA
"DNK",1991,NA
"DNK",1992,NA
"DNK",1993,NA
"DNK",1994,1
"DNK",1995,1
"DNK",1996,1
"DNK",1997,1
"DNK",1998,1
"DNK",1999,1
"DNK",2000,1
"DNK",2001,1
"DNK",2002,NA
"DNK",2003,NA
"DNK",2004,NA
"DNK",2005,NA
"DNK",2006,NA
"DNK",2007,NA
"DNK",2008,NA
"DNK",2009,NA
"DNK",2010,NA
"DNK",2011,NA
"DNK",2012,1
"DNK",2013,1
"DNK",2014,1
"DNK",2015,1
"DNK",2016,NA
"DNK",2017,NA
"DOM",1980,1
"DOM",1981,1
"DOM",1982,1
"DOM",1983,1
"DOM",1984,1
"DOM",1985,1
"DOM",1986,1
"DOM",1987,NA
"DOM",1988,NA
"DOM",1989,NA
"DOM",1990,NA
"DOM",1991,NA
"DOM",1992,NA
"DOM",1993,NA
"DOM",1994,NA
"DOM",1995,NA
"DOM",1996,NA
"DOM",1997,NA
"DOM",1998,NA
"DOM",1999,NA
"DOM",2000,NA
"DOM",2001,1
"DOM",2002,1
"DOM",2003,1
"DOM",2004,1
"DOM",2005,NA
"DOM",2006,NA
"DOM",2007,NA
"DOM",2008,NA
"DOM",2009,NA
"DOM",2010,NA
"DOM",2011,NA
"DOM",2012,NA
"DOM",2013,NA
"DOM",2014,NA
"DOM",2015,NA
"DOM",2016,NA
"DOM",2017,NA
"DZA",1980,1
"DZA",1981,1
"DZA",1982,1
"DZA",1983,1
"DZA",1984,1
"DZA",1985,1
"DZA",1986,1
"DZA",1987,1
"DZA",1988,1
"DZA",1989,1
"DZA",1990,1
"DZA",1991,1
"DZA",1992,1
"DZA",1993,NA
"DZA",1994,NA
"DZA",1995,NA
"DZA",1996,NA
"DZA",1997,NA
"DZA",1998,NA
"DZA",1999,NA
"DZA",2000,1
"DZA",2001,1
"DZA",2002,1
"DZA",2003,1
"DZA",2004,1
"DZA",2005,1
"DZA",2006,1
"DZA",2007,1
"DZA",2008,1
"DZA",2009,1
"DZA",2010,1
"DZA",2011,1
"DZA",2012,1
"DZA",2013,1
"DZA",2014,1
"DZA",2015,1
"DZA",2016,1
"DZA",2017,1
"ECU",1980,NA
"ECU",1981,NA
"ECU",1982,1
"ECU",1983,1
"ECU",1984,1
"ECU",1985,NA
"ECU",1986,NA
"ECU",1987,NA
"ECU",1988,NA
"ECU",1989,1
"ECU",1990,1
"ECU",1991,1
"ECU",1992,1
"ECU",1993,1
"ECU",1994,1
"ECU",1995,1
"ECU",1996,1
"ECU",1997,NA
"ECU",1998,1
"ECU",1999,1
"ECU",2000,1
"ECU",2001,1
"ECU",2002,1
"ECU",2003,NA
"ECU",2004,NA
"ECU",2005,NA
"ECU",2006,NA
"ECU",2007,1
"ECU",2008,1
"ECU",2009,1
"ECU",2010,1
"ECU",2011,1
"ECU",2012,1
"ECU",2013,1
"ECU",2014,1
"ECU",2015,1
"ECU",2016,1
"ECU",2017,1
"EGY",1980,NA
"EGY",1981,NA
"EGY",1982,NA
"EGY",1983,NA
"EGY",1984,NA
"EGY",1985,NA
"EGY",1986,NA
"EGY",1987,NA
"EGY",1988,NA
"EGY",1989,NA
"EGY",1990,NA
"EGY",1991,NA
"EGY",1992,NA
"EGY",1993,NA
"EGY",1994,NA
"EGY",1995,NA
"EGY",1996,NA
"EGY",1997,NA
"EGY",1998,NA
"EGY",1999,NA
"EGY",2000,NA
"EGY",2001,NA
"EGY",2002,NA
"EGY",2003,NA
"EGY",2004,NA
"EGY",2005,NA
"EGY",2006,NA
"EGY",2007,NA
"EGY",2008,NA
"EGY",2009,NA
"EGY",2010,NA
"EGY",2011,NA
"EGY",2012,NA
"EGY",2013,NA
"EGY",2014,NA
"EGY",2015,NA
"EGY",2016,NA
"EGY",2017,NA
"ERI",1980,NA
"ERI",1981,NA
"ERI",1982,NA
"ERI",1983,NA
"ERI",1984,NA
"ERI",1985,NA
"ERI",1986,NA
"ERI",1987,NA
"ERI",1988,NA
"ERI",1989,NA
"ERI",1990,NA
"ERI",1991,NA
"ERI",1992,NA
"ERI",1993,NA
"ERI",1994,NA
"ERI",1995,NA
"ERI",1996,NA
"ERI",1997,NA
"ERI",1998,NA
"ERI",1999,NA
"ERI",2000,NA
"ERI",2001,NA
"ERI",2002,NA
"ERI",2003,NA
"ERI",2004,NA
"ERI",2005,NA
"ERI",2006,NA
"ERI",2007,NA
"ERI",2008,NA
"ERI",2009,NA
"ERI",2010,NA
"ERI",2011,NA
"ERI",2012,NA
"ERI",2013,NA
"ERI",2014,NA
"ERI",2015,NA
"ERI",2016,NA
"ERI",2017,NA
"ESP",1980,NA
"ESP",1981,NA
"ESP",1982,NA
"ESP",1983,1
"ESP",1984,1
"ESP",1985,1
"ESP",1986,1
"ESP",1987,1
"ESP",1988,1
"ESP",1989,1
"ESP",1990,1
"ESP",1991,1
"ESP",1992,1
"ESP",1993,1
"ESP",1994,1
"ESP",1995,1
"ESP",1996,1
"ESP",1997,NA
"ESP",1998,NA
"ESP",1999,NA
"ESP",2000,NA
"ESP",2001,NA
"ESP",2002,NA
"ESP",2003,NA
"ESP",2004,NA
"ESP",2005,1
"ESP",2006,1
"ESP",2007,1
"ESP",2008,1
"ESP",2009,1
"ESP",2010,1
"ESP",2011,1
"ESP",2012,NA
"ESP",2013,NA
"ESP",2014,NA
"ESP",2015,NA
"ESP",2016,NA
"ESP",2017,NA
"EST",1980,NA
"EST",1981,NA
"EST",1982,NA
"EST",1983,NA
"EST",1984,NA
"EST",1985,NA
"EST",1986,NA
"EST",1987,NA
"EST",1988,NA
"EST",1989,NA
"EST",1990,NA
"EST",1991,NA
"EST",1992,NA
"EST",1993,NA
"EST",1994,NA
"EST",1995,NA
"EST",1996,NA
"EST",1997,NA
"EST",1998,NA
"EST",1999,NA
"EST",2000,NA
"EST",2001,NA
"EST",2002,NA
"EST",2003,NA
"EST",2004,NA
"EST",2005,NA
"EST",2006,NA
"EST",2007,NA
"EST",2008,NA
"EST",2009,NA
"EST",2010,NA
"EST",2011,NA
"EST",2012,NA
"EST",2013,NA
"EST",2014,NA
"EST",2015,NA
"EST",2016,NA
"EST",2017,NA
"ETH",1980,1
"ETH",1981,1
"ETH",1982,1
"ETH",1983,1
"ETH",1984,1
"ETH",1985,1
"ETH",1986,1
"ETH",1987,1
"ETH",1988,1
"ETH",1989,1
"ETH",1990,1
"ETH",1991,1
"ETH",1992,NA
"ETH",1993,NA
"ETH",1994,NA
"ETH",1995,NA
"ETH",1996,NA
"ETH",1997,NA
"ETH",1998,NA
"ETH",1999,NA
"ETH",2000,NA
"ETH",2001,NA
"ETH",2002,NA
"ETH",2003,NA
"ETH",2004,NA
"ETH",2005,NA
"ETH",2006,NA
"ETH",2007,NA
"ETH",2008,NA
"ETH",2009,NA
"ETH",2010,NA
"ETH",2011,NA
"ETH",2012,NA
"ETH",2013,NA
"ETH",2014,NA
"ETH",2015,NA
"ETH",2016,NA
"ETH",2017,NA
"FIN",1980,1
"FIN",1981,1
"FIN",1982,1
"FIN",1983,1
"FIN",1984,1
"FIN",1985,1
"FIN",1986,1
"FIN",1987,1
"FIN",1988,NA
"FIN",1989,NA
"FIN",1990,NA
"FIN",1991,NA
"FIN",1992,NA
"FIN",1993,NA
"FIN",1994,NA
"FIN",1995,NA
"FIN",1996,1
"FIN",1997,1
"FIN",1998,1
"FIN",1999,1
"FIN",2000,1
"FIN",2001,1
"FIN",2002,1
"FIN",2003,NA
"FIN",2004,NA
"FIN",2005,NA
"FIN",2006,NA
"FIN",2007,NA
"FIN",2008,NA
"FIN",2009,NA
"FIN",2010,NA
"FIN",2011,NA
"FIN",2012,NA
"FIN",2013,NA
"FIN",2014,NA
"FIN",2015,NA
"FIN",2016,NA
"FIN",2017,NA
"FJI",1980,NA
"FJI",1981,NA
"FJI",1982,NA
"FJI",1983,NA
"FJI",1984,NA
"FJI",1985,NA
"FJI",1986,NA
"FJI",1987,NA
"FJI",1988,NA
"FJI",1989,NA
"FJI",1990,NA
"FJI",1991,NA
"FJI",1992,NA
"FJI",1993,NA
"FJI",1994,NA
"FJI",1995,NA
"FJI",1996,NA
"FJI",1997,NA
"FJI",1998,NA
"FJI",1999,NA
"FJI",2000,NA
"FJI",2001,NA
"FJI",2002,NA
"FJI",2003,NA
"FJI",2004,NA
"FJI",2005,NA
"FJI",2006,NA
"FJI",2007,NA
"FJI",2008,NA
"FJI",2009,NA
"FJI",2010,NA
"FJI",2011,NA
"FJI",2012,NA
"FJI",2013,NA
"FJI",2014,NA
"FJI",2015,NA
"FJI",2016,NA
"FJI",2017,NA
"FRA",1980,NA
"FRA",1981,NA
"FRA",1982,1
"FRA",1983,1
"FRA",1984,1
"FRA",1985,1
"FRA",1986,1
"FRA",1987,NA
"FRA",1988,NA
"FRA",1989,1
"FRA",1990,1
"FRA",1991,1
"FRA",1992,1
"FRA",1993,1
"FRA",1994,NA
"FRA",1995,NA
"FRA",1996,NA
"FRA",1997,NA
"FRA",1998,1
"FRA",1999,1
"FRA",2000,1
"FRA",2001,1
"FRA",2002,1
"FRA",2003,NA
"FRA",2004,NA
"FRA",2005,NA
"FRA",2006,NA
"FRA",2007,NA
"FRA",2008,NA
"FRA",2009,NA
"FRA",2010,NA
"FRA",2011,NA
"FRA",2012,NA
"FRA",2013,1
"FRA",2014,1
"FRA",2015,1
"FRA",2016,1
"FRA",2017,1
"GAB",1980,NA
"GAB",1981,NA
"GAB",1982,NA
"GAB",1983,NA
"GAB",1984,NA
"GAB",1985,NA
"GAB",1986,NA
"GAB",1987,NA
"GAB",1988,NA
"GAB",1989,NA
"GAB",1990,NA
"GAB",1991,NA
"GAB",1992,NA
"GAB",1993,NA
"GAB",1994,NA
"GAB",1995,NA
"GAB",1996,NA
"GAB",1997,NA
"GAB",1998,NA
"GAB",1999,NA
"GAB",2000,NA
"GAB",2001,NA
"GAB",2002,NA
"GAB",2003,NA
"GAB",2004,NA
"GAB",2005,NA
"GAB",2006,NA
"GAB",2007,NA
"GAB",2008,NA
"GAB",2009,NA
"GAB",2010,NA
"GAB",2011,NA
"GAB",2012,NA
"GAB",2013,NA
"GAB",2014,NA
"GAB",2015,NA
"GAB",2016,NA
"GAB",2017,NA
"GBR",1980,NA
"GBR",1981,NA
"GBR",1982,NA
"GBR",1983,NA
"GBR",1984,NA
"GBR",1985,NA
"GBR",1986,NA
"GBR",1987,NA
"GBR",1988,NA
"GBR",1989,NA
"GBR",1990,NA
"GBR",1991,NA
"GBR",1992,NA
"GBR",1993,NA
"GBR",1994,NA
"GBR",1995,NA
"GBR",1996,NA
"GBR",1997,NA
"GBR",1998,1
"GBR",1999,1
"GBR",2000,1
"GBR",2001,1
"GBR",2002,1
"GBR",2003,1
"GBR",2004,1
"GBR",2005,1
"GBR",2006,1
"GBR",2007,1
"GBR",2008,1
"GBR",2009,1
"GBR",2010,1
"GBR",2011,NA
"GBR",2012,NA
"GBR",2013,NA
"GBR",2014,NA
"GBR",2015,NA
"GBR",2016,NA
"GBR",2017,NA
"GEO",1980,NA
"GEO",1981,NA
"GEO",1982,NA
"GEO",1983,NA
"GEO",1984,NA
"GEO",1985,NA
"GEO",1986,NA
"GEO",1987,NA
"GEO",1988,NA
"GEO",1989,NA
"GEO",1990,NA
"GEO",1991,NA
"GEO",1992,NA
"GEO",1993,NA
"GEO",1994,NA
"GEO",1995,NA
"GEO",1996,NA
"GEO",1997,NA
"GEO",1998,NA
"GEO",1999,NA
"GEO",2000,NA
"GEO",2001,NA
"GEO",2002,NA
"GEO",2003,NA
"GEO",2004,NA
"GEO",2005,NA
"GEO",2006,NA
"GEO",2007,NA
"GEO",2008,NA
"GEO",2009,NA
"GEO",2010,NA
"GEO",2011,NA
"GEO",2012,NA
"GEO",2013,NA
"GEO",2014,NA
"GEO",2015,NA
"GEO",2016,NA
"GEO",2017,NA
"GHA",1980,NA
"GHA",1981,NA
"GHA",1982,NA
"GHA",1983,NA
"GHA",1984,NA
"GHA",1985,NA
"GHA",1986,NA
"GHA",1987,NA
"GHA",1988,NA
"GHA",1989,NA
"GHA",1990,NA
"GHA",1991,NA
"GHA",1992,NA
"GHA",1993,1
"GHA",1994,1
"GHA",1995,1
"GHA",1996,1
"GHA",1997,1
"GHA",1998,1
"GHA",1999,1
"GHA",2000,1
"GHA",2001,NA
"GHA",2002,NA
"GHA",2003,NA
"GHA",2004,NA
"GHA",2005,NA
"GHA",2006,NA
"GHA",2007,NA
"GHA",2008,NA
"GHA",2009,1
"GHA",2010,1
"GHA",2011,1
"GHA",2012,1
"GHA",2013,1
"GHA",2014,1
"GHA",2015,1
"GHA",2016,1
"GHA",2017,NA
"GIN",1980,1
"GIN",1981,1
"GIN",1982,1
"GIN",1983,1
"GIN",1984,1
"GIN",1985,NA
"GIN",1986,NA
"GIN",1987,NA
"GIN",1988,NA
"GIN",1989,NA
"GIN",1990,NA
"GIN",1991,NA
"GIN",1992,NA
"GIN",1993,NA
"GIN",1994,NA
"GIN",1995,NA
"GIN",1996,NA
"GIN",1997,NA
"GIN",1998,NA
"GIN",1999,NA
"GIN",2000,NA
"GIN",2001,NA
"GIN",2002,NA
"GIN",2003,NA
"GIN",2004,NA
"GIN",2005,NA
"GIN",2006,NA
"GIN",2007,NA
"GIN",2008,NA
"GIN",2009,NA
"GIN",2010,NA
"GIN",2011,NA
"GIN",2012,NA
"GIN",2013,NA
"GIN",2014,NA
"GIN",2015,NA
"GIN",2016,NA
"GIN",2017,NA
"GMB",1980,1
"GMB",1981,1
"GMB",1982,1
"GMB",1983,1
"GMB",1984,1
"GMB",1985,1
"GMB",1986,1
"GMB",1987,1
"GMB",1988,1
"GMB",1989,1
"GMB",1990,1
"GMB",1991,1
"GMB",1992,1
"GMB",1993,1
"GMB",1994,1
"GMB",1995,NA
"GMB",1996,NA
"GMB",1997,NA
"GMB",1998,NA
"GMB",1999,NA
"GMB",2000,NA
"GMB",2001,NA
"GMB",2002,NA
"GMB",2003,NA
"GMB",2004,NA
"GMB",2005,NA
"GMB",2006,NA
"GMB",2007,NA
"GMB",2008,NA
"GMB",2009,NA
"GMB",2010,NA
"GMB",2011,NA
"GMB",2012,NA
"GMB",2013,NA
"GMB",2014,NA
"GMB",2015,NA
"GMB",2016,NA
"GMB",2017,NA
"GNB",1980,1
"GNB",1981,1
"GNB",1982,1
"GNB",1983,1
"GNB",1984,1
"GNB",1985,1
"GNB",1986,1
"GNB",1987,1
"GNB",1988,1
"GNB",1989,1
"GNB",1990,1
"GNB",1991,1
"GNB",1992,1
"GNB",1993,1
"GNB",1994,1
"GNB",1995,1
"GNB",1996,1
"GNB",1997,1
"GNB",1998,1
"GNB",1999,1
"GNB",2000,NA
"GNB",2001,NA
"GNB",2002,NA
"GNB",2003,NA
"GNB",2004,NA
"GNB",2005,NA
"GNB",2006,NA
"GNB",2007,NA
"GNB",2008,NA
"GNB",2009,NA
"GNB",2010,1
"GNB",2011,1
"GNB",2012,1
"GNB",2013,NA
"GNB",2014,NA
"GNB",2015,1
"GNB",2016,1
"GNB",2017,1
"GNQ",1980,NA
"GNQ",1981,NA
"GNQ",1982,NA
"GNQ",1983,NA
"GNQ",1984,NA
"GNQ",1985,NA
"GNQ",1986,NA
"GNQ",1987,NA
"GNQ",1988,NA
"GNQ",1989,NA
"GNQ",1990,NA
"GNQ",1991,NA
"GNQ",1992,NA
"GNQ",1993,NA
"GNQ",1994,NA
"GNQ",1995,NA
"GNQ",1996,NA
"GNQ",1997,NA
"GNQ",1998,NA
"GNQ",1999,NA
"GNQ",2000,NA
"GNQ",2001,NA
"GNQ",2002,NA
"GNQ",2003,NA
"GNQ",2004,NA
"GNQ",2005,NA
"GNQ",2006,NA
"GNQ",2007,NA
"GNQ",2008,NA
"GNQ",2009,NA
"GNQ",2010,NA
"GNQ",2011,NA
"GNQ",2012,NA
"GNQ",2013,NA
"GNQ",2014,NA
"GNQ",2015,NA
"GNQ",2016,NA
"GNQ",2017,NA
"GRC",1980,NA
"GRC",1981,NA
"GRC",1982,NA
"GRC",1983,NA
"GRC",1984,NA
"GRC",1985,NA
"GRC",1986,NA
"GRC",1987,1
"GRC",1988,1
"GRC",1989,1
"GRC",1990,1
"GRC",1991,NA
"GRC",1992,NA
"GRC",1993,NA
"GRC",1994,1
"GRC",1995,1
"GRC",1996,1
"GRC",1997,1
"GRC",1998,1
"GRC",1999,1
"GRC",2000,1
"GRC",2001,1
"GRC",2002,1
"GRC",2003,1
"GRC",2004,1
"GRC",2005,NA
"GRC",2006,NA
"GRC",2007,NA
"GRC",2008,NA
"GRC",2009,NA
"GRC",2010,1
"GRC",2011,1
"GRC",2012,NA
"GRC",2013,NA
"GRC",2014,NA
"GRC",2015,NA
"GRC",2016,1
"GRC",2017,1
"GRD",1980,1
"GRD",1981,1
"GRD",1982,1
"GRD",1983,1
"GRD",1984,NA
"GRD",1985,NA
"GRD",1986,NA
"GRD",1987,NA
"GRD",1988,NA
"GRD",1989,NA
"GRD",1990,NA
"GRD",1991,1
"GRD",1992,1
"GRD",1993,1
"GRD",1994,1
"GRD",1995,1
"GRD",1996,NA
"GRD",1997,NA
"GRD",1998,NA
"GRD",1999,NA
"GRD",2000,NA
"GRD",2001,NA
"GRD",2002,NA
"GRD",2003,NA
"GRD",2004,NA
"GRD",2005,NA
"GRD",2006,NA
"GRD",2007,NA
"GRD",2008,NA
"GRD",2009,1
"GRD",2010,1
"GRD",2011,1
"GRD",2012,1
"GRD",2013,1
"GRD",2014,NA
"GRD",2015,NA
"GRD",2016,NA
"GRD",2017,NA
"GTM",1980,NA
"GTM",1981,NA
"GTM",1982,NA
"GTM",1983,NA
"GTM",1984,NA
"GTM",1985,NA
"GTM",1986,NA
"GTM",1987,NA
"GTM",1988,NA
"GTM",1989,NA
"GTM",1990,NA
"GTM",1991,NA
"GTM",1992,NA
"GTM",1993,NA
"GTM",1994,NA
"GTM",1995,NA
"GTM",1996,NA
"GTM",1997,NA
"GTM",1998,NA
"GTM",1999,NA
"GTM",2000,NA
"GTM",2001,NA
"GTM",2002,NA
"GTM",2003,NA
"GTM",2004,NA
"GTM",2005,NA
"GTM",2006,NA
"GTM",2007,NA
"GTM",2008,1
"GTM",2009,1
"GTM",2010,1
"GTM",2011,1
"GTM",2012,NA
"GTM",2013,NA
"GTM",2014,NA
"GTM",2015,NA
"GTM",2016,NA
"GTM",2017,NA
"GUY",1980,1
"GUY",1981,1
"GUY",1982,1
"GUY",1983,1
"GUY",1984,1
"GUY",1985,1
"GUY",1986,1
"GUY",1987,1
"GUY",1988,1
"GUY",1989,1
"GUY",1990,1
"GUY",1991,1
"GUY",1992,1
"GUY",1993,1
"GUY",1994,1
"GUY",1995,1
"GUY",1996,1
"GUY",1997,1
"GUY",1998,1
"GUY",1999,1
"GUY",2000,1
"GUY",2001,1
"GUY",2002,1
"GUY",2003,1
"GUY",2004,1
"GUY",2005,1
"GUY",2006,1
"GUY",2007,1
"GUY",2008,1
"GUY",2009,1
"GUY",2010,1
"GUY",2011,1
"GUY",2012,1
"GUY",2013,1
"GUY",2014,1
"GUY",2015,1
"GUY",2016,1
"GUY",2017,1
"HND",1980,NA
"HND",1981,NA
"HND",1982,NA
"HND",1983,NA
"HND",1984,NA
"HND",1985,NA
"HND",1986,NA
"HND",1987,NA
"HND",1988,NA
"HND",1989,NA
"HND",1990,NA
"HND",1991,NA
"HND",1992,NA
"HND",1993,NA
"HND",1994,NA
"HND",1995,NA
"HND",1996,NA
"HND",1997,NA
"HND",1998,NA
"HND",1999,NA
"HND",2000,NA
"HND",2001,NA
"HND",2002,NA
"HND",2003,NA
"HND",2004,NA
"HND",2005,NA
"HND",2006,NA
"HND",2007,NA
"HND",2008,NA
"HND",2009,NA
"HND",2010,NA
"HND",2011,NA
"HND",2012,NA
"HND",2013,NA
"HND",2014,NA
"HND",2015,NA
"HND",2016,NA
"HND",2017,NA
"HRV",1980,NA
"HRV",1981,NA
"HRV",1982,NA
"HRV",1983,NA
"HRV",1984,NA
"HRV",1985,NA
"HRV",1986,NA
"HRV",1987,NA
"HRV",1988,NA
"HRV",1989,NA
"HRV",1990,NA
"HRV",1991,NA
"HRV",1992,NA
"HRV",1993,NA
"HRV",1994,NA
"HRV",1995,NA
"HRV",1996,NA
"HRV",1997,NA
"HRV",1998,NA
"HRV",1999,NA
"HRV",2000,NA
"HRV",2001,1
"HRV",2002,1
"HRV",2003,1
"HRV",2004,NA
"HRV",2005,NA
"HRV",2006,NA
"HRV",2007,NA
"HRV",2008,NA
"HRV",2009,NA
"HRV",2010,NA
"HRV",2011,NA
"HRV",2012,NA
"HRV",2013,NA
"HRV",2014,NA
"HRV",2015,NA
"HRV",2016,NA
"HRV",2017,NA
"HTI",1980,NA
"HTI",1981,NA
"HTI",1982,NA
"HTI",1983,NA
"HTI",1984,NA
"HTI",1985,NA
"HTI",1986,NA
"HTI",1987,NA
"HTI",1988,NA
"HTI",1989,NA
"HTI",1990,NA
"HTI",1991,NA
"HTI",1992,NA
"HTI",1993,NA
"HTI",1994,NA
"HTI",1995,NA
"HTI",1996,NA
"HTI",1997,NA
"HTI",1998,NA
"HTI",1999,NA
"HTI",2000,NA
"HTI",2001,NA
"HTI",2002,NA
"HTI",2003,NA
"HTI",2004,NA
"HTI",2005,NA
"HTI",2006,NA
"HTI",2007,NA
"HTI",2008,NA
"HTI",2009,NA
"HTI",2010,NA
"HTI",2011,NA
"HTI",2012,NA
"HTI",2013,NA
"HTI",2014,NA
"HTI",2015,NA
"HTI",2016,NA
"HTI",2017,NA
"HUN",1980,1
"HUN",1981,1
"HUN",1982,1
"HUN",1983,1
"HUN",1984,1
"HUN",1985,1
"HUN",1986,1
"HUN",1987,1
"HUN",1988,1
"HUN",1989,1
"HUN",1990,1
"HUN",1991,NA
"HUN",1992,NA
"HUN",1993,NA
"HUN",1994,NA
"HUN",1995,1
"HUN",1996,1
"HUN",1997,1
"HUN",1998,1
"HUN",1999,1
"HUN",2000,1
"HUN",2001,1
"HUN",2002,1
"HUN",2003,1
"HUN",2004,1
"HUN",2005,1
"HUN",2006,1
"HUN",2007,1
"HUN",2008,1
"HUN",2009,1
"HUN",2010,1
"HUN",2011,NA
"HUN",2012,NA
"HUN",2013,NA
"HUN",2014,NA
"HUN",2015,NA
"HUN",2016,NA
"HUN",2017,NA
"IDN",1980,NA
"IDN",1981,NA
"IDN",1982,NA
"IDN",1983,NA
"IDN",1984,NA
"IDN",1985,NA
"IDN",1986,NA
"IDN",1987,NA
"IDN",1988,NA
"IDN",1989,NA
"IDN",1990,NA
"IDN",1991,NA
"IDN",1992,NA
"IDN",1993,NA
"IDN",1994,NA
"IDN",1995,NA
"IDN",1996,NA
"IDN",1997,NA
"IDN",1998,NA
"IDN",1999,NA
"IDN",2000,NA
"IDN",2001,NA
"IDN",2002,NA
"IDN",2003,NA
"IDN",2004,NA
"IDN",2005,NA
"IDN",2006,NA
"IDN",2007,NA
"IDN",2008,NA
"IDN",2009,NA
"IDN",2010,NA
"IDN",2011,NA
"IDN",2012,NA
"IDN",2013,NA
"IDN",2014,NA
"IDN",2015,NA
"IDN",2016,NA
"IDN",2017,NA
"IND",1980,1
"IND",1981,1
"IND",1982,1
"IND",1983,1
"IND",1984,1
"IND",1985,1
"IND",1986,1
"IND",1987,1
"IND",1988,1
"IND",1989,1
"IND",1990,1
"IND",1991,1
"IND",1992,1
"IND",1993,1
"IND",1994,1
"IND",1995,1
"IND",1996,1
"IND",1997,1
"IND",1998,1
"IND",1999,NA
"IND",2000,NA
"IND",2001,NA
"IND",2002,NA
"IND",2003,NA
"IND",2004,NA
"IND",2005,1
"IND",2006,1
"IND",2007,1
"IND",2008,1
"IND",2009,1
"IND",2010,1
"IND",2011,1
"IND",2012,1
"IND",2013,1
"IND",2014,1
"IND",2015,NA
"IND",2016,NA
"IND",2017,NA
"IRL",1980,NA
"IRL",1981,NA
"IRL",1982,NA
"IRL",1983,NA
"IRL",1984,NA
"IRL",1985,NA
"IRL",1986,NA
"IRL",1987,NA
"IRL",1988,NA
"IRL",1989,NA
"IRL",1990,NA
"IRL",1991,NA
"IRL",1992,NA
"IRL",1993,NA
"IRL",1994,NA
"IRL",1995,NA
"IRL",1996,NA
"IRL",1997,NA
"IRL",1998,NA
"IRL",1999,NA
"IRL",2000,NA
"IRL",2001,NA
"IRL",2002,NA
"IRL",2003,NA
"IRL",2004,NA
"IRL",2005,NA
"IRL",2006,NA
"IRL",2007,NA
"IRL",2008,NA
"IRL",2009,NA
"IRL",2010,NA
"IRL",2011,NA
"IRL",2012,NA
"IRL",2013,NA
"IRL",2014,NA
"IRL",2015,NA
"IRL",2016,NA
"IRL",2017,NA
"IRN",1980,NA
"IRN",1981,NA
"IRN",1982,NA
"IRN",1983,NA
"IRN",1984,NA
"IRN",1985,NA
"IRN",1986,NA
"IRN",1987,NA
"IRN",1988,NA
"IRN",1989,NA
"IRN",1990,NA
"IRN",1991,NA
"IRN",1992,NA
"IRN",1993,NA
"IRN",1994,NA
"IRN",1995,NA
"IRN",1996,NA
"IRN",1997,NA
"IRN",1998,NA
"IRN",1999,NA
"IRN",2000,NA
"IRN",2001,NA
"IRN",2002,NA
"IRN",2003,NA
"IRN",2004,NA
"IRN",2005,NA
"IRN",2006,NA
"IRN",2007,NA
"IRN",2008,NA
"IRN",2009,NA
"IRN",2010,NA
"IRN",2011,NA
"IRN",2012,NA
"IRN",2013,NA
"IRN",2014,NA
"IRN",2015,NA
"IRN",2016,NA
"IRN",2017,NA
"IRQ",1980,NA
"IRQ",1981,NA
"IRQ",1982,NA
"IRQ",1983,NA
"IRQ",1984,NA
"IRQ",1985,NA
"IRQ",1986,NA
"IRQ",1987,NA
"IRQ",1988,NA
"IRQ",1989,NA
"IRQ",1990,NA
"IRQ",1991,NA
"IRQ",1992,NA
"IRQ",1993,NA
"IRQ",1994,NA
"IRQ",1995,NA
"IRQ",1996,NA
"IRQ",1997,NA
"IRQ",1998,NA
"IRQ",1999,NA
"IRQ",2000,NA
"IRQ",2001,NA
"IRQ",2002,NA
"IRQ",2003,NA
"IRQ",2004,NA
"IRQ",2005,NA
"IRQ",2006,NA
"IRQ",2007,NA
"IRQ",2008,NA
"IRQ",2009,NA
"IRQ",2010,NA
"IRQ",2011,NA
"IRQ",2012,NA
"IRQ",2013,NA
"IRQ",2014,NA
"IRQ",2015,NA
"IRQ",2016,NA
"IRQ",2017,NA
"ISL",1980,NA
"ISL",1981,NA
"ISL",1982,NA
"ISL",1983,NA
"ISL",1984,NA
"ISL",1985,NA
"ISL",1986,NA
"ISL",1987,NA
"ISL",1988,NA
"ISL",1989,NA
"ISL",1990,NA
"ISL",1991,NA
"ISL",1992,NA
"ISL",1993,NA
"ISL",1994,NA
"ISL",1995,NA
"ISL",1996,NA
"ISL",1997,NA
"ISL",1998,NA
"ISL",1999,NA
"ISL",2000,NA
"ISL",2001,NA
"ISL",2002,NA
"ISL",2003,NA
"ISL",2004,NA
"ISL",2005,NA
"ISL",2006,NA
"ISL",2007,NA
"ISL",2008,NA
"ISL",2009,NA
"ISL",2010,NA
"ISL",2011,NA
"ISL",2012,NA
"ISL",2013,NA
"ISL",2014,NA
"ISL",2015,NA
"ISL",2016,NA
"ISL",2017,NA
"ISR",1980,NA
"ISR",1981,NA
"ISR",1982,NA
"ISR",1983,NA
"ISR",1984,NA
"ISR",1985,1
"ISR",1986,1
"ISR",1987,NA
"ISR",1988,NA
"ISR",1989,NA
"ISR",1990,NA
"ISR",1991,NA
"ISR",1992,NA
"ISR",1993,1
"ISR",1994,1
"ISR",1995,1
"ISR",1996,1
"ISR",1997,NA
"ISR",1998,NA
"ISR",1999,NA
"ISR",2000,NA
"ISR",2001,NA
"ISR",2002,NA
"ISR",2003,NA
"ISR",2004,NA
"ISR",2005,NA
"ISR",2006,NA
"ISR",2007,NA
"ISR",2008,NA
"ISR",2009,NA
"ISR",2010,NA
"ISR",2011,NA
"ISR",2012,NA
"ISR",2013,NA
"ISR",2014,NA
"ISR",2015,NA
"ISR",2016,NA
"ISR",2017,NA
"ITA",1980,NA
"ITA",1981,NA
"ITA",1982,NA
"ITA",1983,NA
"ITA",1984,1
"ITA",1985,1
"ITA",1986,1
"ITA",1987,1
"ITA",1988,NA
"ITA",1989,NA
"ITA",1990,NA
"ITA",1991,NA
"ITA",1992,NA
"ITA",1993,1
"ITA",1994,1
"ITA",1995,NA
"ITA",1996,NA
"ITA",1997,NA
"ITA",1998,NA
"ITA",1999,NA
"ITA",2000,NA
"ITA",2001,NA
"ITA",2002,NA
"ITA",2003,NA
"ITA",2004,NA
"ITA",2005,NA
"ITA",2006,NA
"ITA",2007,1
"ITA",2008,1
"ITA",2009,NA
"ITA",2010,NA
"ITA",2011,NA
"ITA",2012,NA
"ITA",2013,NA
"ITA",2014,NA
"ITA",2015,NA
"ITA",2016,NA
"ITA",2017,NA
"JAM",1980,1
"JAM",1981,NA
"JAM",1982,NA
"JAM",1983,NA
"JAM",1984,NA
"JAM",1985,NA
"JAM",1986,NA
"JAM",1987,NA
"JAM",1988,NA
"JAM",1989,NA
"JAM",1990,1
"JAM",1991,1
"JAM",1992,1
"JAM",1993,1
"JAM",1994,1
"JAM",1995,1
"JAM",1996,1
"JAM",1997,1
"JAM",1998,1
"JAM",1999,1
"JAM",2000,1
"JAM",2001,1
"JAM",2002,1
"JAM",2003,1
"JAM",2004,1
"JAM",2005,1
"JAM",2006,1
"JAM",2007,1
"JAM",2008,NA
"JAM",2009,NA
"JAM",2010,NA
"JAM",2011,NA
"JAM",2012,1
"JAM",2013,1
"JAM",2014,1
"JAM",2015,1
"JAM",2016,1
"JAM",2017,NA
"JOR",1980,NA
"JOR",1981,NA
"JOR",1982,NA
"JOR",1983,NA
"JOR",1984,NA
"JOR",1985,NA
"JOR",1986,NA
"JOR",1987,NA
"JOR",1988,NA
"JOR",1989,NA
"JOR",1990,NA
"JOR",1991,NA
"JOR",1992,NA
"JOR",1993,NA
"JOR",1994,NA
"JOR",1995,NA
"JOR",1996,NA
"JOR",1997,NA
"JOR",1998,NA
"JOR",1999,NA
"JOR",2000,NA
"JOR",2001,NA
"JOR",2002,NA
"JOR",2003,NA
"JOR",2004,NA
"JOR",2005,NA
"JOR",2006,NA
"JOR",2007,NA
"JOR",2008,NA
"JOR",2009,NA
"JOR",2010,NA
"JOR",2011,NA
"JOR",2012,NA
"JOR",2013,NA
"JOR",2014,NA
"JOR",2015,NA
"JOR",2016,NA
"JOR",2017,NA
"JPN",1980,NA
"JPN",1981,NA
"JPN",1982,NA
"JPN",1983,NA
"JPN",1984,NA
"JPN",1985,NA
"JPN",1986,NA
"JPN",1987,NA
"JPN",1988,NA
"JPN",1989,NA
"JPN",1990,NA
"JPN",1991,NA
"JPN",1992,NA
"JPN",1993,NA
"JPN",1994,NA
"JPN",1995,1
"JPN",1996,1
"JPN",1997,NA
"JPN",1998,NA
"JPN",1999,NA
"JPN",2000,NA
"JPN",2001,NA
"JPN",2002,NA
"JPN",2003,NA
"JPN",2004,NA
"JPN",2005,NA
"JPN",2006,NA
"JPN",2007,NA
"JPN",2008,NA
"JPN",2009,NA
"JPN",2010,NA
"JPN",2011,NA
"JPN",2012,NA
"JPN",2013,NA
"JPN",2014,NA
"JPN",2015,NA
"JPN",2016,NA
"JPN",2017,NA
"KAZ",1980,NA
"KAZ",1981,NA
"KAZ",1982,NA
"KAZ",1983,NA
"KAZ",1984,NA
"KAZ",1985,NA
"KAZ",1986,NA
"KAZ",1987,NA
"KAZ",1988,NA
"KAZ",1989,NA
"KAZ",1990,NA
"KAZ",1991,NA
"KAZ",1992,NA
"KAZ",1993,NA
"KAZ",1994,NA
"KAZ",1995,NA
"KAZ",1996,NA
"KAZ",1997,NA
"KAZ",1998,NA
"KAZ",1999,NA
"KAZ",2000,NA
"KAZ",2001,NA
"KAZ",2002,NA
"KAZ",2003,NA
"KAZ",2004,NA
"KAZ",2005,NA
"KAZ",2006,NA
"KAZ",2007,NA
"KAZ",2008,NA
"KAZ",2009,NA
"KAZ",2010,NA
"KAZ",2011,NA
"KAZ",2012,NA
"KAZ",2013,NA
"KAZ",2014,NA
"KAZ",2015,NA
"KAZ",2016,NA
"KAZ",2017,NA
"KEN",1980,NA
"KEN",1981,NA
"KEN",1982,NA
"KEN",1983,NA
"KEN",1984,NA
"KEN",1985,NA
"KEN",1986,NA
"KEN",1987,NA
"KEN",1988,NA
"KEN",1989,NA
"KEN",1990,NA
"KEN",1991,NA
"KEN",1992,NA
"KEN",1993,NA
"KEN",1994,NA
"KEN",1995,NA
"KEN",1996,NA
"KEN",1997,NA
"KEN",1998,NA
"KEN",1999,NA
"KEN",2000,NA
"KEN",2001,NA
"KEN",2002,NA
"KEN",2003,NA
"KEN",2004,NA
"KEN",2005,NA
"KEN",2006,NA
"KEN",2007,NA
"KEN",2008,NA
"KEN",2009,NA
"KEN",2010,NA
"KEN",2011,NA
"KEN",2012,NA
"KEN",2013,NA
"KEN",2014,NA
"KEN",2015,NA
"KEN",2016,NA
"KEN",2017,NA
"KGZ",1980,NA
"KGZ",1981,NA
"KGZ",1982,NA
"KGZ",1983,NA
"KGZ",1984,NA
"KGZ",1985,NA
"KGZ",1986,NA
"KGZ",1987,NA
"KGZ",1988,NA
"KGZ",1989,NA
"KGZ",1990,NA
"KGZ",1991,NA
"KGZ",1992,NA
"KGZ",1993,NA
"KGZ",1994,NA
"KGZ",1995,NA
"KGZ",1996,NA
"KGZ",1997,NA
"KGZ",1998,NA
"KGZ",1999,NA
"KGZ",2000,NA
"KGZ",2001,NA
"KGZ",2002,NA
"KGZ",2003,NA
"KGZ",2004,NA
"KGZ",2005,NA
"KGZ",2006,NA
"KGZ",2007,NA
"KGZ",2008,NA
"KGZ",2009,NA
"KGZ",2010,NA
"KGZ",2011,NA
"KGZ",2012,NA
"KGZ",2013,NA
"KGZ",2014,NA
"KGZ",2015,NA
"KGZ",2016,NA
"KGZ",2017,NA
"KHM",1980,1
"KHM",1981,1
"KHM",1982,1
"KHM",1983,1
"KHM",1984,1
"KHM",1985,1
"KHM",1986,1
"KHM",1987,1
"KHM",1988,1
"KHM",1989,1
"KHM",1990,1
"KHM",1991,1
"KHM",1992,1
"KHM",1993,1
"KHM",1994,NA
"KHM",1995,NA
"KHM",1996,NA
"KHM",1997,NA
"KHM",1998,NA
"KHM",1999,NA
"KHM",2000,NA
"KHM",2001,1
"KHM",2002,1
"KHM",2003,1
"KHM",2004,1
"KHM",2005,1
"KHM",2006,1
"KHM",2007,1
"KHM",2008,1
"KHM",2009,1
"KHM",2010,1
"KHM",2011,1
"KHM",2012,1
"KHM",2013,1
"KHM",2014,1
"KHM",2015,1
"KHM",2016,1
"KHM",2017,1
"KOR",1980,NA
"KOR",1981,NA
"KOR",1982,NA
"KOR",1983,NA
"KOR",1984,NA
"KOR",1985,NA
"KOR",1986,NA
"KOR",1987,NA
"KOR",1988,NA
"KOR",1989,NA
"KOR",1990,NA
"KOR",1991,NA
"KOR",1992,NA
"KOR",1993,NA
"KOR",1994,NA
"KOR",1995,NA
"KOR",1996,NA
"KOR",1997,NA
"KOR",1998,NA
"KOR",1999,NA
"KOR",2000,NA
"KOR",2001,NA
"KOR",2002,NA
"KOR",2003,NA
"KOR",2004,NA
"KOR",2005,NA
"KOR",2006,NA
"KOR",2007,NA
"KOR",2008,NA
"KOR",2009,NA
"KOR",2010,NA
"KOR",2011,NA
"KOR",2012,NA
"KOR",2013,NA
"KOR",2014,NA
"KOR",2015,NA
"KOR",2016,NA
"KOR",2017,NA
"KWT",1980,NA
"KWT",1981,NA
"KWT",1982,NA
"KWT",1983,NA
"KWT",1984,NA
"KWT",1985,NA
"KWT",1986,NA
"KWT",1987,NA
"KWT",1988,NA
"KWT",1989,NA
"KWT",1990,NA
"KWT",1991,NA
"KWT",1992,NA
"KWT",1993,NA
"KWT",1994,NA
"KWT",1995,NA
"KWT",1996,NA
"KWT",1997,NA
"KWT",1998,NA
"KWT",1999,NA
"KWT",2000,NA
"KWT",2001,NA
"KWT",2002,NA
"KWT",2003,NA
"KWT",2004,NA
"KWT",2005,NA
"KWT",2006,NA
"KWT",2007,NA
"KWT",2008,NA
"KWT",2009,NA
"KWT",2010,NA
"KWT",2011,NA
"KWT",2012,NA
"KWT",2013,NA
"KWT",2014,NA
"KWT",2015,NA
"KWT",2016,NA
"KWT",2017,NA
"LAO",1980,1
"LAO",1981,1
"LAO",1982,1
"LAO",1983,1
"LAO",1984,1
"LAO",1985,1
"LAO",1986,1
"LAO",1987,1
"LAO",1988,1
"LAO",1989,1
"LAO",1990,1
"LAO",1991,1
"LAO",1992,1
"LAO",1993,1
"LAO",1994,1
"LAO",1995,1
"LAO",1996,1
"LAO",1997,1
"LAO",1998,1
"LAO",1999,1
"LAO",2000,1
"LAO",2001,1
"LAO",2002,1
"LAO",2003,1
"LAO",2004,1
"LAO",2005,1
"LAO",2006,1
"LAO",2007,1
"LAO",2008,1
"LAO",2009,1
"LAO",2010,1
"LAO",2011,1
"LAO",2012,1
"LAO",2013,1
"LAO",2014,1
"LAO",2015,1
"LAO",2016,1
"LAO",2017,1
"LBN",1980,NA
"LBN",1981,NA
"LBN",1982,NA
"LBN",1983,NA
"LBN",1984,NA
"LBN",1985,NA
"LBN",1986,NA
"LBN",1987,NA
"LBN",1988,NA
"LBN",1989,NA
"LBN",1990,NA
"LBN",1991,NA
"LBN",1992,NA
"LBN",1993,NA
"LBN",1994,NA
"LBN",1995,NA
"LBN",1996,NA
"LBN",1997,NA
"LBN",1998,NA
"LBN",1999,NA
"LBN",2000,NA
"LBN",2001,NA
"LBN",2002,NA
"LBN",2003,NA
"LBN",2004,NA
"LBN",2005,NA
"LBN",2006,NA
"LBN",2007,NA
"LBN",2008,NA
"LBN",2009,NA
"LBN",2010,NA
"LBN",2011,NA
"LBN",2012,NA
"LBN",2013,NA
"LBN",2014,NA
"LBN",2015,NA
"LBN",2016,NA
"LBN",2017,NA
"LBR",1980,1
"LBR",1981,NA
"LBR",1982,NA
"LBR",1983,NA
"LBR",1984,NA
"LBR",1985,NA
"LBR",1986,NA
"LBR",1987,NA
"LBR",1988,NA
"LBR",1989,NA
"LBR",1990,NA
"LBR",1991,NA
"LBR",1992,NA
"LBR",1993,NA
"LBR",1994,NA
"LBR",1995,NA
"LBR",1996,NA
"LBR",1997,NA
"LBR",1998,NA
"LBR",1999,NA
"LBR",2000,NA
"LBR",2001,NA
"LBR",2002,NA
"LBR",2003,NA
"LBR",2004,NA
"LBR",2005,NA
"LBR",2006,NA
"LBR",2007,NA
"LBR",2008,NA
"LBR",2009,NA
"LBR",2010,NA
"LBR",2011,NA
"LBR",2012,NA
"LBR",2013,NA
"LBR",2014,NA
"LBR",2015,NA
"LBR",2016,NA
"LBR",2017,NA
"LBY",1980,1
"LBY",1981,1
"LBY",1982,1
"LBY",1983,1
"LBY",1984,1
"LBY",1985,1
"LBY",1986,1
"LBY",1987,1
"LBY",1988,1
"LBY",1989,1
"LBY",1990,1
"LBY",1991,1
"LBY",1992,1
"LBY",1993,1
"LBY",1994,1
"LBY",1995,1
"LBY",1996,1
"LBY",1997,1
"LBY",1998,1
"LBY",1999,1
"LBY",2000,1
"LBY",2001,1
"LBY",2002,1
"LBY",2003,1
"LBY",2004,1
"LBY",2005,1
"LBY",2006,1
"LBY",2007,1
"LBY",2008,1
"LBY",2009,1
"LBY",2010,1
"LBY",2011,1
"LBY",2012,1
"LBY",2013,1
"LBY",2014,1
"LBY",2015,1
"LBY",2016,1
"LBY",2017,1
"LCA",1980,1
"LCA",1981,1
"LCA",1982,1
"LCA",1983,NA
"LCA",1984,NA
"LCA",1985,NA
"LCA",1986,NA
"LCA",1987,NA
"LCA",1988,NA
"LCA",1989,NA
"LCA",1990,NA
"LCA",1991,NA
"LCA",1992,NA
"LCA",1993,NA
"LCA",1994,NA
"LCA",1995,NA
"LCA",1996,NA
"LCA",1997,NA
"LCA",1998,1
"LCA",1999,1
"LCA",2000,1
"LCA",2001,1
"LCA",2002,1
"LCA",2003,1
"LCA",2004,1
"LCA",2005,1
"LCA",2006,1
"LCA",2007,NA
"LCA",2008,NA
"LCA",2009,NA
"LCA",2010,NA
"LCA",2011,NA
"LCA",2012,1
"LCA",2013,1
"LCA",2014,1
"LCA",2015,1
"LCA",2016,1
"LCA",2017,NA
"LKA",1980,NA
"LKA",1981,NA
"LKA",1982,NA
"LKA",1983,NA
"LKA",1984,NA
"LKA",1985,NA
"LKA",1986,NA
"LKA",1987,NA
"LKA",1988,NA
"LKA",1989,NA
"LKA",1990,NA
"LKA",1991,NA
"LKA",1992,NA
"LKA",1993,NA
"LKA",1994,NA
"LKA",1995,1
"LKA",1996,1
"LKA",1997,1
"LKA",1998,1
"LKA",1999,1
"LKA",2000,1
"LKA",2001,1
"LKA",2002,1
"LKA",2003,1
"LKA",2004,1
"LKA",2005,1
"LKA",2006,NA
"LKA",2007,NA
"LKA",2008,NA
"LKA",2009,NA
"LKA",2010,NA
"LKA",2011,NA
"LKA",2012,NA
"LKA",2013,NA
"LKA",2014,NA
"LKA",2015,NA
"LKA",2016,NA
"LKA",2017,NA
"LSO",1980,NA
"LSO",1981,NA
"LSO",1982,NA
"LSO",1983,NA
"LSO",1984,NA
"LSO",1985,NA
"LSO",1986,NA
"LSO",1987,NA
"LSO",1988,NA
"LSO",1989,NA
"LSO",1990,NA
"LSO",1991,NA
"LSO",1992,NA
"LSO",1993,NA
"LSO",1994,1
"LSO",1995,1
"LSO",1996,1
"LSO",1997,1
"LSO",1998,1
"LSO",1999,1
"LSO",2000,1
"LSO",2001,1
"LSO",2002,1
"LSO",2003,1
"LSO",2004,1
"LSO",2005,1
"LSO",2006,1
"LSO",2007,1
"LSO",2008,1
"LSO",2009,1
"LSO",2010,1
"LSO",2011,1
"LSO",2012,1
"LSO",2013,NA
"LSO",2014,NA
"LSO",2015,NA
"LSO",2016,NA
"LSO",2017,NA
"LTU",1980,NA
"LTU",1981,NA
"LTU",1982,NA
"LTU",1983,NA
"LTU",1984,NA
"LTU",1985,NA
"LTU",1986,NA
"LTU",1987,NA
"LTU",1988,NA
"LTU",1989,NA
"LTU",1990,NA
"LTU",1991,NA
"LTU",1992,NA
"LTU",1993,1
"LTU",1994,1
"LTU",1995,1
"LTU",1996,1
"LTU",1997,1
"LTU",1998,NA
"LTU",1999,NA
"LTU",2000,NA
"LTU",2001,NA
"LTU",2002,NA
"LTU",2003,NA
"LTU",2004,NA
"LTU",2005,NA
"LTU",2006,NA
"LTU",2007,NA
"LTU",2008,NA
"LTU",2009,NA
"LTU",2010,NA
"LTU",2011,NA
"LTU",2012,NA
"LTU",2013,NA
"LTU",2014,NA
"LTU",2015,NA
"LTU",2016,NA
"LTU",2017,NA
"LUX",1980,NA
"LUX",1981,NA
"LUX",1982,NA
"LUX",1983,NA
"LUX",1984,NA
"LUX",1985,NA
"LUX",1986,NA
"LUX",1987,NA
"LUX",1988,NA
"LUX",1989,NA
"LUX",1990,NA
"LUX",1991,NA
"LUX",1992,NA
"LUX",1993,NA
"LUX",1994,NA
"LUX",1995,NA
"LUX",1996,NA
"LUX",1997,NA
"LUX",1998,NA
"LUX",1999,NA
"LUX",2000,NA
"LUX",2001,NA
"LUX",2002,NA
"LUX",2003,NA
"LUX",2004,NA
"LUX",2005,NA
"LUX",2006,NA
"LUX",2007,NA
"LUX",2008,NA
"LUX",2009,NA
"LUX",2010,NA
"LUX",2011,NA
"LUX",2012,NA
"LUX",2013,NA
"LUX",2014,NA
"LUX",2015,NA
"LUX",2016,NA
"LUX",2017,NA
"LVA",1980,NA
"LVA",1981,NA
"LVA",1982,NA
"LVA",1983,NA
"LVA",1984,NA
"LVA",1985,NA
"LVA",1986,NA
"LVA",1987,NA
"LVA",1988,NA
"LVA",1989,NA
"LVA",1990,NA
"LVA",1991,NA
"LVA",1992,NA
"LVA",1993,NA
"LVA",1994,NA
"LVA",1995,NA
"LVA",1996,NA
"LVA",1997,NA
"LVA",1998,NA
"LVA",1999,NA
"LVA",2000,NA
"LVA",2001,NA
"LVA",2002,NA
"LVA",2003,NA
"LVA",2004,NA
"LVA",2005,NA
"LVA",2006,NA
"LVA",2007,NA
"LVA",2008,NA
"LVA",2009,NA
"LVA",2010,NA
"LVA",2011,NA
"LVA",2012,NA
"LVA",2013,NA
"LVA",2014,NA
"LVA",2015,NA
"LVA",2016,NA
"LVA",2017,NA
"MAR",1980,NA
"MAR",1981,NA
"MAR",1982,NA
"MAR",1983,NA
"MAR",1984,NA
"MAR",1985,NA
"MAR",1986,NA
"MAR",1987,NA
"MAR",1988,NA
"MAR",1989,NA
"MAR",1990,NA
"MAR",1991,NA
"MAR",1992,NA
"MAR",1993,NA
"MAR",1994,NA
"MAR",1995,NA
"MAR",1996,NA
"MAR",1997,NA
"MAR",1998,NA
"MAR",1999,NA
"MAR",2000,NA
"MAR",2001,NA
"MAR",2002,NA
"MAR",2003,NA
"MAR",2004,NA
"MAR",2005,NA
"MAR",2006,NA
"MAR",2007,NA
"MAR",2008,NA
"MAR",2009,NA
"MAR",2010,NA
"MAR",2011,NA
"MAR",2012,NA
"MAR",2013,NA
"MAR",2014,NA
"MAR",2015,NA
"MAR",2016,NA
"MAR",2017,NA
"MDA",1980,NA
"MDA",1981,NA
"MDA",1982,NA
"MDA",1983,NA
"MDA",1984,NA
"MDA",1985,NA
"MDA",1986,NA
"MDA",1987,NA
"MDA",1988,NA
"MDA",1989,NA
"MDA",1990,NA
"MDA",1991,NA
"MDA",1992,NA
"MDA",1993,NA
"MDA",1994,NA
"MDA",1995,1
"MDA",1996,1
"MDA",1997,1
"MDA",1998,1
"MDA",1999,1
"MDA",2000,1
"MDA",2001,1
"MDA",2002,1
"MDA",2003,1
"MDA",2004,1
"MDA",2005,1
"MDA",2006,1
"MDA",2007,1
"MDA",2008,1
"MDA",2009,1
"MDA",2010,NA
"MDA",2011,NA
"MDA",2012,NA
"MDA",2013,NA
"MDA",2014,NA
"MDA",2015,NA
"MDA",2016,1
"MDA",2017,1
"MDG",1980,1
"MDG",1981,1
"MDG",1982,1
"MDG",1983,1
"MDG",1984,1
"MDG",1985,1
"MDG",1986,1
"MDG",1987,1
"MDG",1988,1
"MDG",1989,1
"MDG",1990,1
"MDG",1991,1
"MDG",1992,1
"MDG",1993,1
"MDG",1994,NA
"MDG",1995,NA
"MDG",1996,NA
"MDG",1997,1
"MDG",1998,1
"MDG",1999,1
"MDG",2000,1
"MDG",2001,1
"MDG",2002,NA
"MDG",2003,NA
"MDG",2004,NA
"MDG",2005,NA
"MDG",2006,NA
"MDG",2007,NA
"MDG",2008,NA
"MDG",2009,NA
"MDG",2010,NA
"MDG",2011,NA
"MDG",2012,NA
"MDG",2013,NA
"MDG",2014,NA
"MDG",2015,NA
"MDG",2016,NA
"MDG",2017,NA
"MDV",1980,NA
"MDV",1981,NA
"MDV",1982,NA
"MDV",1983,NA
"MDV",1984,NA
"MDV",1985,NA
"MDV",1986,NA
"MDV",1987,NA
"MDV",1988,NA
"MDV",1989,NA
"MDV",1990,NA
"MDV",1991,NA
"MDV",1992,NA
"MDV",1993,NA
"MDV",1994,NA
"MDV",1995,NA
"MDV",1996,NA
"MDV",1997,NA
"MDV",1998,NA
"MDV",1999,NA
"MDV",2000,NA
"MDV",2001,NA
"MDV",2002,NA
"MDV",2003,NA
"MDV",2004,NA
"MDV",2005,NA
"MDV",2006,NA
"MDV",2007,NA
"MDV",2008,NA
"MDV",2009,NA
"MDV",2010,NA
"MDV",2011,NA
"MDV",2012,NA
"MDV",2013,NA
"MDV",2014,NA
"MDV",2015,NA
"MDV",2016,NA
"MDV",2017,NA
"MEX",1980,1
"MEX",1981,1
"MEX",1982,1
"MEX",1983,NA
"MEX",1984,NA
"MEX",1985,NA
"MEX",1986,NA
"MEX",1987,NA
"MEX",1988,NA
"MEX",1989,NA
"MEX",1990,NA
"MEX",1991,NA
"MEX",1992,NA
"MEX",1993,NA
"MEX",1994,NA
"MEX",1995,NA
"MEX",1996,NA
"MEX",1997,NA
"MEX",1998,NA
"MEX",1999,NA
"MEX",2000,NA
"MEX",2001,NA
"MEX",2002,NA
"MEX",2003,NA
"MEX",2004,NA
"MEX",2005,NA
"MEX",2006,NA
"MEX",2007,NA
"MEX",2008,NA
"MEX",2009,NA
"MEX",2010,NA
"MEX",2011,NA
"MEX",2012,NA
"MEX",2013,NA
"MEX",2014,NA
"MEX",2015,NA
"MEX",2016,NA
"MEX",2017,NA
"MKD",1980,NA
"MKD",1981,NA
"MKD",1982,NA
"MKD",1983,NA
"MKD",1984,NA
"MKD",1985,NA
"MKD",1986,NA
"MKD",1987,NA
"MKD",1988,NA
"MKD",1989,NA
"MKD",1990,NA
"MKD",1991,NA
"MKD",1992,1
"MKD",1993,1
"MKD",1994,1
"MKD",1995,1
"MKD",1996,1
"MKD",1997,1
"MKD",1998,1
"MKD",1999,NA
"MKD",2000,NA
"MKD",2001,NA
"MKD",2002,NA
"MKD",2003,1
"MKD",2004,1
"MKD",2005,1
"MKD",2006,1
"MKD",2007,1
"MKD",2008,1
"MKD",2009,1
"MKD",2010,NA
"MKD",2011,NA
"MKD",2012,NA
"MKD",2013,NA
"MKD",2014,NA
"MKD",2015,NA
"MKD",2016,NA
"MKD",2017,NA
"MLI",1980,NA
"MLI",1981,NA
"MLI",1982,NA
"MLI",1983,NA
"MLI",1984,NA
"MLI",1985,NA
"MLI",1986,NA
"MLI",1987,NA
"MLI",1988,NA
"MLI",1989,NA
"MLI",1990,NA
"MLI",1991,NA
"MLI",1992,NA
"MLI",1993,NA
"MLI",1994,NA
"MLI",1995,NA
"MLI",1996,NA
"MLI",1997,NA
"MLI",1998,NA
"MLI",1999,NA
"MLI",2000,NA
"MLI",2001,NA
"MLI",2002,NA
"MLI",2003,NA
"MLI",2004,NA
"MLI",2005,NA
"MLI",2006,NA
"MLI",2007,NA
"MLI",2008,NA
"MLI",2009,NA
"MLI",2010,NA
"MLI",2011,NA
"MLI",2012,NA
"MLI",2013,NA
"MLI",2014,NA
"MLI",2015,NA
"MLI",2016,NA
"MLI",2017,NA
"MLT",1980,1
"MLT",1981,1
"MLT",1982,1
"MLT",1983,1
"MLT",1984,1
"MLT",1985,1
"MLT",1986,1
"MLT",1987,1
"MLT",1988,NA
"MLT",1989,NA
"MLT",1990,NA
"MLT",1991,NA
"MLT",1992,NA
"MLT",1993,NA
"MLT",1994,NA
"MLT",1995,NA
"MLT",1996,NA
"MLT",1997,1
"MLT",1998,1
"MLT",1999,NA
"MLT",2000,NA
"MLT",2001,NA
"MLT",2002,NA
"MLT",2003,NA
"MLT",2004,NA
"MLT",2005,NA
"MLT",2006,NA
"MLT",2007,NA
"MLT",2008,NA
"MLT",2009,NA
"MLT",2010,NA
"MLT",2011,NA
"MLT",2012,NA
"MLT",2013,NA
"MLT",2014,1
"MLT",2015,1
"MLT",2016,1
"MLT",2017,1
"MMR",1980,1
"MMR",1981,1
"MMR",1982,1
"MMR",1983,1
"MMR",1984,1
"MMR",1985,1
"MMR",1986,1
"MMR",1987,1
"MMR",1988,1
"MMR",1989,NA
"MMR",1990,NA
"MMR",1991,NA
"MMR",1992,NA
"MMR",1993,NA
"MMR",1994,NA
"MMR",1995,NA
"MMR",1996,NA
"MMR",1997,NA
"MMR",1998,NA
"MMR",1999,NA
"MMR",2000,NA
"MMR",2001,NA
"MMR",2002,NA
"MMR",2003,NA
"MMR",2004,NA
"MMR",2005,NA
"MMR",2006,NA
"MMR",2007,NA
"MMR",2008,NA
"MMR",2009,NA
"MMR",2010,NA
"MMR",2011,NA
"MMR",2012,NA
"MMR",2013,NA
"MMR",2014,NA
"MMR",2015,NA
"MMR",2016,NA
"MMR",2017,NA
"MNG",1980,1
"MNG",1981,1
"MNG",1982,1
"MNG",1983,1
"MNG",1984,1
"MNG",1985,1
"MNG",1986,1
"MNG",1987,1
"MNG",1988,1
"MNG",1989,1
"MNG",1990,1
"MNG",1991,1
"MNG",1992,1
"MNG",1993,1
"MNG",1994,NA
"MNG",1995,NA
"MNG",1996,NA
"MNG",1997,NA
"MNG",1998,NA
"MNG",1999,NA
"MNG",2000,NA
"MNG",2001,NA
"MNG",2002,NA
"MNG",2003,NA
"MNG",2004,NA
"MNG",2005,NA
"MNG",2006,NA
"MNG",2007,NA
"MNG",2008,NA
"MNG",2009,NA
"MNG",2010,NA
"MNG",2011,NA
"MNG",2012,NA
"MNG",2013,NA
"MNG",2014,NA
"MNG",2015,NA
"MNG",2016,NA
"MNG",2017,NA
"MOZ",1980,1
"MOZ",1981,1
"MOZ",1982,1
"MOZ",1983,1
"MOZ",1984,1
"MOZ",1985,1
"MOZ",1986,1
"MOZ",1987,1
"MOZ",1988,1
"MOZ",1989,1
"MOZ",1990,1
"MOZ",1991,1
"MOZ",1992,1
"MOZ",1993,1
"MOZ",1994,1
"MOZ",1995,1
"MOZ",1996,1
"MOZ",1997,1
"MOZ",1998,1
"MOZ",1999,1
"MOZ",2000,1
"MOZ",2001,1
"MOZ",2002,1
"MOZ",2003,1
"MOZ",2004,1
"MOZ",2005,1
"MOZ",2006,1
"MOZ",2007,1
"MOZ",2008,1
"MOZ",2009,1
"MOZ",2010,1
"MOZ",2011,1
"MOZ",2012,1
"MOZ",2013,1
"MOZ",2014,1
"MOZ",2015,1
"MOZ",2016,1
"MOZ",2017,1
"MRT",1980,NA
"MRT",1981,NA
"MRT",1982,NA
"MRT",1983,NA
"MRT",1984,NA
"MRT",1985,NA
"MRT",1986,NA
"MRT",1987,NA
"MRT",1988,NA
"MRT",1989,NA
"MRT",1990,NA
"MRT",1991,NA
"MRT",1992,NA
"MRT",1993,NA
"MRT",1994,NA
"MRT",1995,NA
"MRT",1996,NA
"MRT",1997,NA
"MRT",1998,NA
"MRT",1999,NA
"MRT",2000,NA
"MRT",2001,NA
"MRT",2002,NA
"MRT",2003,NA
"MRT",2004,NA
"MRT",2005,NA
"MRT",2006,NA
"MRT",2007,NA
"MRT",2008,NA
"MRT",2009,NA
"MRT",2010,NA
"MRT",2011,NA
"MRT",2012,NA
"MRT",2013,NA
"MRT",2014,NA
"MRT",2015,NA
"MRT",2016,NA
"MRT",2017,NA
"MUS",1980,1
"MUS",1981,1
"MUS",1982,1
"MUS",1983,1
"MUS",1984,1
"MUS",1985,1
"MUS",1986,1
"MUS",1987,1
"MUS",1988,1
"MUS",1989,1
"MUS",1990,1
"MUS",1991,1
"MUS",1992,1
"MUS",1993,1
"MUS",1994,1
"MUS",1995,1
"MUS",1996,NA
"MUS",1997,NA
"MUS",1998,NA
"MUS",1999,NA
"MUS",2000,NA
"MUS",2001,NA
"MUS",2002,NA
"MUS",2003,NA
"MUS",2004,NA
"MUS",2005,NA
"MUS",2006,NA
"MUS",2007,NA
"MUS",2008,NA
"MUS",2009,NA
"MUS",2010,NA
"MUS",2011,NA
"MUS",2012,NA
"MUS",2013,NA
"MUS",2014,NA
"MUS",2015,NA
"MUS",2016,NA
"MUS",2017,NA
"MWI",1980,NA
"MWI",1981,NA
"MWI",1982,NA
"MWI",1983,NA
"MWI",1984,NA
"MWI",1985,NA
"MWI",1986,NA
"MWI",1987,NA
"MWI",1988,NA
"MWI",1989,NA
"MWI",1990,NA
"MWI",1991,NA
"MWI",1992,NA
"MWI",1993,NA
"MWI",1994,NA
"MWI",1995,NA
"MWI",1996,NA
"MWI",1997,NA
"MWI",1998,NA
"MWI",1999,NA
"MWI",2000,NA
"MWI",2001,NA
"MWI",2002,NA
"MWI",2003,NA
"MWI",2004,NA
"MWI",2005,NA
"MWI",2006,NA
"MWI",2007,NA
"MWI",2008,NA
"MWI",2009,NA
"MWI",2010,NA
"MWI",2011,NA
"MWI",2012,NA
"MWI",2013,NA
"MWI",2014,NA
"MWI",2015,NA
"MWI",2016,NA
"MWI",2017,NA
"MYS",1980,NA
"MYS",1981,NA
"MYS",1982,NA
"MYS",1983,NA
"MYS",1984,NA
"MYS",1985,NA
"MYS",1986,NA
"MYS",1987,NA
"MYS",1988,NA
"MYS",1989,NA
"MYS",1990,NA
"MYS",1991,NA
"MYS",1992,NA
"MYS",1993,NA
"MYS",1994,NA
"MYS",1995,NA
"MYS",1996,NA
"MYS",1997,NA
"MYS",1998,NA
"MYS",1999,NA
"MYS",2000,NA
"MYS",2001,NA
"MYS",2002,NA
"MYS",2003,NA
"MYS",2004,NA
"MYS",2005,NA
"MYS",2006,NA
"MYS",2007,NA
"MYS",2008,NA
"MYS",2009,NA
"MYS",2010,NA
"MYS",2011,NA
"MYS",2012,NA
"MYS",2013,NA
"MYS",2014,NA
"MYS",2015,NA
"MYS",2016,NA
"MYS",2017,NA
"NAM",1980,NA
"NAM",1981,NA
"NAM",1982,NA
"NAM",1983,NA
"NAM",1984,NA
"NAM",1985,NA
"NAM",1986,NA
"NAM",1987,NA
"NAM",1988,NA
"NAM",1989,NA
"NAM",1990,NA
"NAM",1991,1
"NAM",1992,1
"NAM",1993,1
"NAM",1994,1
"NAM",1995,1
"NAM",1996,1
"NAM",1997,1
"NAM",1998,1
"NAM",1999,1
"NAM",2000,1
"NAM",2001,1
"NAM",2002,1
"NAM",2003,1
"NAM",2004,1
"NAM",2005,1
"NAM",2006,1
"NAM",2007,1
"NAM",2008,1
"NAM",2009,1
"NAM",2010,1
"NAM",2011,1
"NAM",2012,1
"NAM",2013,1
"NAM",2014,1
"NAM",2015,1
"NAM",2016,1
"NAM",2017,1
"NER",1980,NA
"NER",1981,NA
"NER",1982,NA
"NER",1983,NA
"NER",1984,NA
"NER",1985,NA
"NER",1986,NA
"NER",1987,NA
"NER",1988,NA
"NER",1989,NA
"NER",1990,NA
"NER",1991,NA
"NER",1992,NA
"NER",1993,NA
"NER",1994,NA
"NER",1995,NA
"NER",1996,NA
"NER",1997,NA
"NER",1998,NA
"NER",1999,NA
"NER",2000,NA
"NER",2001,NA
"NER",2002,NA
"NER",2003,NA
"NER",2004,NA
"NER",2005,NA
"NER",2006,NA
"NER",2007,NA
"NER",2008,NA
"NER",2009,NA
"NER",2010,NA
"NER",2011,NA
"NER",2012,NA
"NER",2013,NA
"NER",2014,NA
"NER",2015,NA
"NER",2016,NA
"NER",2017,NA
"NGA",1980,NA
"NGA",1981,NA
"NGA",1982,NA
"NGA",1983,NA
"NGA",1984,NA
"NGA",1985,NA
"NGA",1986,NA
"NGA",1987,NA
"NGA",1988,NA
"NGA",1989,NA
"NGA",1990,NA
"NGA",1991,NA
"NGA",1992,NA
"NGA",1993,NA
"NGA",1994,NA
"NGA",1995,NA
"NGA",1996,NA
"NGA",1997,NA
"NGA",1998,NA
"NGA",1999,NA
"NGA",2000,NA
"NGA",2001,NA
"NGA",2002,NA
"NGA",2003,NA
"NGA",2004,NA
"NGA",2005,NA
"NGA",2006,NA
"NGA",2007,NA
"NGA",2008,NA
"NGA",2009,NA
"NGA",2010,NA
"NGA",2011,NA
"NGA",2012,NA
"NGA",2013,NA
"NGA",2014,NA
"NGA",2015,NA
"NGA",2016,1
"NGA",2017,1
"NIC",1980,1
"NIC",1981,1
"NIC",1982,1
"NIC",1983,1
"NIC",1984,1
"NIC",1985,1
"NIC",1986,1
"NIC",1987,1
"NIC",1988,1
"NIC",1989,1
"NIC",1990,1
"NIC",1991,NA
"NIC",1992,NA
"NIC",1993,NA
"NIC",1994,NA
"NIC",1995,NA
"NIC",1996,NA
"NIC",1997,NA
"NIC",1998,NA
"NIC",1999,NA
"NIC",2000,NA
"NIC",2001,NA
"NIC",2002,NA
"NIC",2003,NA
"NIC",2004,NA
"NIC",2005,NA
"NIC",2006,NA
"NIC",2007,1
"NIC",2008,1
"NIC",2009,1
"NIC",2010,1
"NIC",2011,1
"NIC",2012,1
"NIC",2013,1
"NIC",2014,1
"NIC",2015,1
"NIC",2016,1
"NIC",2017,1
"NLD",1980,NA
"NLD",1981,NA
"NLD",1982,NA
"NLD",1983,NA
"NLD",1984,NA
"NLD",1985,NA
"NLD",1986,NA
"NLD",1987,NA
"NLD",1988,NA
"NLD",1989,NA
"NLD",1990,NA
"NLD",1991,NA
"NLD",1992,NA
"NLD",1993,NA
"NLD",1994,NA
"NLD",1995,1
"NLD",1996,1
"NLD",1997,1
"NLD",1998,1
"NLD",1999,1
"NLD",2000,1
"NLD",2001,1
"NLD",2002,1
"NLD",2003,1
"NLD",2004,NA
"NLD",2005,NA
"NLD",2006,NA
"NLD",2007,NA
"NLD",2008,NA
"NLD",2009,NA
"NLD",2010,NA
"NLD",2011,NA
"NLD",2012,NA
"NLD",2013,NA
"NLD",2014,NA
"NLD",2015,NA
"NLD",2016,NA
"NLD",2017,NA
"NOR",1980,1
"NOR",1981,1
"NOR",1982,NA
"NOR",1983,NA
"NOR",1984,NA
"NOR",1985,NA
"NOR",1986,NA
"NOR",1987,1
"NOR",1988,1
"NOR",1989,1
"NOR",1990,NA
"NOR",1991,1
"NOR",1992,1
"NOR",1993,1
"NOR",1994,1
"NOR",1995,1
"NOR",1996,1
"NOR",1997,1
"NOR",1998,NA
"NOR",1999,NA
"NOR",2000,NA
"NOR",2001,NA
"NOR",2002,NA
"NOR",2003,NA
"NOR",2004,NA
"NOR",2005,NA
"NOR",2006,1
"NOR",2007,1
"NOR",2008,1
"NOR",2009,1
"NOR",2010,1
"NOR",2011,1
"NOR",2012,1
"NOR",2013,1
"NOR",2014,NA
"NOR",2015,NA
"NOR",2016,NA
"NOR",2017,NA
"NPL",1980,NA
"NPL",1981,NA
"NPL",1982,NA
"NPL",1983,NA
"NPL",1984,NA
"NPL",1985,NA
"NPL",1986,NA
"NPL",1987,NA
"NPL",1988,NA
"NPL",1989,NA
"NPL",1990,NA
"NPL",1991,NA
"NPL",1992,1
"NPL",1993,1
"NPL",1994,1
"NPL",1995,1
"NPL",1996,1
"NPL",1997,1
"NPL",1998,1
"NPL",1999,1
"NPL",2000,1
"NPL",2001,1
"NPL",2002,1
"NPL",2003,NA
"NPL",2004,NA
"NPL",2005,NA
"NPL",2006,NA
"NPL",2007,NA
"NPL",2008,1
"NPL",2009,1
"NPL",2010,1
"NPL",2011,1
"NPL",2012,1
"NPL",2013,1
"NPL",2014,NA
"NPL",2015,1
"NPL",2016,1
"NPL",2017,1
"NZL",1980,NA
"NZL",1981,NA
"NZL",1982,NA
"NZL",1983,NA
"NZL",1984,NA
"NZL",1985,1
"NZL",1986,1
"NZL",1987,1
"NZL",1988,1
"NZL",1989,1
"NZL",1990,1
"NZL",1991,NA
"NZL",1992,NA
"NZL",1993,NA
"NZL",1994,NA
"NZL",1995,NA
"NZL",1996,NA
"NZL",1997,NA
"NZL",1998,NA
"NZL",1999,NA
"NZL",2000,1
"NZL",2001,1
"NZL",2002,1
"NZL",2003,1
"NZL",2004,1
"NZL",2005,1
"NZL",2006,1
"NZL",2007,1
"NZL",2008,1
"NZL",2009,NA
"NZL",2010,NA
"NZL",2011,NA
"NZL",2012,NA
"NZL",2013,NA
"NZL",2014,NA
"NZL",2015,NA
"NZL",2016,NA
"NZL",2017,NA
"OMN",1980,NA
"OMN",1981,NA
"OMN",1982,NA
"OMN",1983,NA
"OMN",1984,NA
"OMN",1985,NA
"OMN",1986,NA
"OMN",1987,NA
"OMN",1988,NA
"OMN",1989,NA
"OMN",1990,NA
"OMN",1991,NA
"OMN",1992,NA
"OMN",1993,NA
"OMN",1994,NA
"OMN",1995,NA
"OMN",1996,NA
"OMN",1997,NA
"OMN",1998,NA
"OMN",1999,NA
"OMN",2000,NA
"OMN",2001,NA
"OMN",2002,NA
"OMN",2003,NA
"OMN",2004,NA
"OMN",2005,NA
"OMN",2006,NA
"OMN",2007,NA
"OMN",2008,NA
"OMN",2009,NA
"OMN",2010,NA
"OMN",2011,NA
"OMN",2012,NA
"OMN",2013,NA
"OMN",2014,NA
"OMN",2015,NA
"OMN",2016,NA
"OMN",2017,NA
"PAK",1980,NA
"PAK",1981,NA
"PAK",1982,NA
"PAK",1983,NA
"PAK",1984,NA
"PAK",1985,NA
"PAK",1986,NA
"PAK",1987,NA
"PAK",1988,NA
"PAK",1989,1
"PAK",1990,1
"PAK",1991,NA
"PAK",1992,NA
"PAK",1993,NA
"PAK",1994,1
"PAK",1995,1
"PAK",1996,1
"PAK",1997,NA
"PAK",1998,NA
"PAK",1999,NA
"PAK",2000,NA
"PAK",2001,NA
"PAK",2002,NA
"PAK",2003,NA
"PAK",2004,NA
"PAK",2005,NA
"PAK",2006,NA
"PAK",2007,NA
"PAK",2008,NA
"PAK",2009,1
"PAK",2010,1
"PAK",2011,1
"PAK",2012,1
"PAK",2013,1
"PAK",2014,NA
"PAK",2015,NA
"PAK",2016,NA
"PAK",2017,NA
"PAN",1980,NA
"PAN",1981,NA
"PAN",1982,NA
"PAN",1983,NA
"PAN",1984,NA
"PAN",1985,NA
"PAN",1986,NA
"PAN",1987,NA
"PAN",1988,NA
"PAN",1989,NA
"PAN",1990,NA
"PAN",1991,NA
"PAN",1992,NA
"PAN",1993,NA
"PAN",1994,NA
"PAN",1995,NA
"PAN",1996,NA
"PAN",1997,NA
"PAN",1998,NA
"PAN",1999,NA
"PAN",2000,NA
"PAN",2001,NA
"PAN",2002,NA
"PAN",2003,NA
"PAN",2004,NA
"PAN",2005,NA
"PAN",2006,NA
"PAN",2007,NA
"PAN",2008,NA
"PAN",2009,NA
"PAN",2010,NA
"PAN",2011,NA
"PAN",2012,NA
"PAN",2013,NA
"PAN",2014,NA
"PAN",2015,NA
"PAN",2016,NA
"PAN",2017,NA
"PER",1980,NA
"PER",1981,NA
"PER",1982,NA
"PER",1983,NA
"PER",1984,NA
"PER",1985,NA
"PER",1986,1
"PER",1987,1
"PER",1988,1
"PER",1989,1
"PER",1990,1
"PER",1991,NA
"PER",1992,NA
"PER",1993,NA
"PER",1994,NA
"PER",1995,NA
"PER",1996,NA
"PER",1997,NA
"PER",1998,NA
"PER",1999,NA
"PER",2000,NA
"PER",2001,NA
"PER",2002,NA
"PER",2003,NA
"PER",2004,NA
"PER",2005,NA
"PER",2006,NA
"PER",2007,1
"PER",2008,1
"PER",2009,1
"PER",2010,1
"PER",2011,1
"PER",2012,1
"PER",2013,1
"PER",2014,1
"PER",2015,1
"PER",2016,1
"PER",2017,NA
"PHL",1980,NA
"PHL",1981,NA
"PHL",1982,NA
"PHL",1983,NA
"PHL",1984,NA
"PHL",1985,NA
"PHL",1986,NA
"PHL",1987,NA
"PHL",1988,NA
"PHL",1989,NA
"PHL",1990,NA
"PHL",1991,NA
"PHL",1992,NA
"PHL",1993,NA
"PHL",1994,NA
"PHL",1995,NA
"PHL",1996,NA
"PHL",1997,NA
"PHL",1998,NA
"PHL",1999,NA
"PHL",2000,NA
"PHL",2001,NA
"PHL",2002,NA
"PHL",2003,NA
"PHL",2004,NA
"PHL",2005,NA
"PHL",2006,NA
"PHL",2007,NA
"PHL",2008,NA
"PHL",2009,NA
"PHL",2010,NA
"PHL",2011,NA
"PHL",2012,NA
"PHL",2013,NA
"PHL",2014,NA
"PHL",2015,NA
"PHL",2016,NA
"PHL",2017,1
"PNG",1980,NA
"PNG",1981,NA
"PNG",1982,NA
"PNG",1983,NA
"PNG",1984,NA
"PNG",1985,NA
"PNG",1986,NA
"PNG",1987,NA
"PNG",1988,NA
"PNG",1989,NA
"PNG",1990,NA
"PNG",1991,NA
"PNG",1992,NA
"PNG",1993,NA
"PNG",1994,NA
"PNG",1995,NA
"PNG",1996,NA
"PNG",1997,NA
"PNG",1998,NA
"PNG",1999,NA
"PNG",2000,NA
"PNG",2001,NA
"PNG",2002,NA
"PNG",2003,NA
"PNG",2004,NA
"PNG",2005,NA
"PNG",2006,NA
"PNG",2007,NA
"PNG",2008,NA
"PNG",2009,NA
"PNG",2010,NA
"PNG",2011,NA
"PNG",2012,NA
"PNG",2013,NA
"PNG",2014,NA
"PNG",2015,NA
"PNG",2016,NA
"PNG",2017,NA
"POL",1980,1
"POL",1981,1
"POL",1982,1
"POL",1983,1
"POL",1984,1
"POL",1985,1
"POL",1986,1
"POL",1987,1
"POL",1988,1
"POL",1989,1
"POL",1990,1
"POL",1991,NA
"POL",1992,NA
"POL",1993,NA
"POL",1994,NA
"POL",1995,NA
"POL",1996,1
"POL",1997,1
"POL",1998,1
"POL",1999,1
"POL",2000,1
"POL",2001,1
"POL",2002,1
"POL",2003,1
"POL",2004,1
"POL",2005,1
"POL",2006,NA
"POL",2007,NA
"POL",2008,NA
"POL",2009,NA
"POL",2010,NA
"POL",2011,NA
"POL",2012,NA
"POL",2013,NA
"POL",2014,NA
"POL",2015,NA
"POL",2016,NA
"POL",2017,NA
"PRK",1980,1
"PRK",1981,1
"PRK",1982,1
"PRK",1983,1
"PRK",1984,1
"PRK",1985,1
"PRK",1986,1
"PRK",1987,1
"PRK",1988,1
"PRK",1989,1
"PRK",1990,1
"PRK",1991,1
"PRK",1992,1
"PRK",1993,1
"PRK",1994,1
"PRK",1995,1
"PRK",1996,1
"PRK",1997,1
"PRK",1998,1
"PRK",1999,1
"PRK",2000,1
"PRK",2001,1
"PRK",2002,1
"PRK",2003,1
"PRK",2004,1
"PRK",2005,1
"PRK",2006,1
"PRK",2007,1
"PRK",2008,1
"PRK",2009,1
"PRK",2010,1
"PRK",2011,1
"PRK",2012,1
"PRK",2013,1
"PRK",2014,1
"PRK",2015,1
"PRK",2016,1
"PRK",2017,1
"PRT",1980,NA
"PRT",1981,NA
"PRT",1982,NA
"PRT",1983,NA
"PRT",1984,1
"PRT",1985,1
"PRT",1986,NA
"PRT",1987,NA
"PRT",1988,NA
"PRT",1989,NA
"PRT",1990,NA
"PRT",1991,NA
"PRT",1992,NA
"PRT",1993,NA
"PRT",1994,NA
"PRT",1995,NA
"PRT",1996,1
"PRT",1997,1
"PRT",1998,1
"PRT",1999,1
"PRT",2000,1
"PRT",2001,1
"PRT",2002,1
"PRT",2003,NA
"PRT",2004,NA
"PRT",2005,NA
"PRT",2006,1
"PRT",2007,1
"PRT",2008,1
"PRT",2009,1
"PRT",2010,1
"PRT",2011,1
"PRT",2012,NA
"PRT",2013,NA
"PRT",2014,NA
"PRT",2015,NA
"PRT",2016,1
"PRT",2017,1
"PRY",1980,NA
"PRY",1981,NA
"PRY",1982,NA
"PRY",1983,NA
"PRY",1984,NA
"PRY",1985,NA
"PRY",1986,NA
"PRY",1987,NA
"PRY",1988,NA
"PRY",1989,NA
"PRY",1990,NA
"PRY",1991,NA
"PRY",1992,NA
"PRY",1993,NA
"PRY",1994,NA
"PRY",1995,NA
"PRY",1996,NA
"PRY",1997,NA
"PRY",1998,NA
"PRY",1999,NA
"PRY",2000,NA
"PRY",2001,NA
"PRY",2002,NA
"PRY",2003,NA
"PRY",2004,NA
"PRY",2005,NA
"PRY",2006,NA
"PRY",2007,NA
"PRY",2008,NA
"PRY",2009,1
"PRY",2010,1
"PRY",2011,1
"PRY",2012,1
"PRY",2013,1
"PRY",2014,NA
"PRY",2015,NA
"PRY",2016,NA
"PRY",2017,NA
"QAT",1980,NA
"QAT",1981,NA
"QAT",1982,NA
"QAT",1983,NA
"QAT",1984,NA
"QAT",1985,NA
"QAT",1986,NA
"QAT",1987,NA
"QAT",1988,NA
"QAT",1989,NA
"QAT",1990,NA
"QAT",1991,NA
"QAT",1992,NA
"QAT",1993,NA
"QAT",1994,NA
"QAT",1995,NA
"QAT",1996,NA
"QAT",1997,NA
"QAT",1998,NA
"QAT",1999,NA
"QAT",2000,NA
"QAT",2001,NA
"QAT",2002,NA
"QAT",2003,NA
"QAT",2004,NA
"QAT",2005,NA
"QAT",2006,NA
"QAT",2007,NA
"QAT",2008,NA
"QAT",2009,NA
"QAT",2010,NA
"QAT",2011,NA
"QAT",2012,NA
"QAT",2013,NA
"QAT",2014,NA
"QAT",2015,NA
"QAT",2016,NA
"QAT",2017,NA
"ROM",1980,1
"ROM",1981,1
"ROM",1982,1
"ROM",1983,1
"ROM",1984,1
"ROM",1985,1
"ROM",1986,1
"ROM",1987,1
"ROM",1988,1
"ROM",1989,1
"ROM",1990,NA
"ROM",1991,NA
"ROM",1992,NA
"ROM",1993,NA
"ROM",1994,NA
"ROM",1995,NA
"ROM",1996,NA
"ROM",1997,NA
"ROM",1998,NA
"ROM",1999,NA
"ROM",2000,NA
"ROM",2001,1
"ROM",2002,1
"ROM",2003,1
"ROM",2004,1
"ROM",2005,NA
"ROM",2006,NA
"ROM",2007,NA
"ROM",2008,NA
"ROM",2009,NA
"ROM",2010,NA
"ROM",2011,NA
"ROM",2012,NA
"ROM",2013,NA
"ROM",2014,NA
"ROM",2015,NA
"ROM",2016,NA
"ROM",2017,NA
"RUS",1992,NA
"RUS",1993,NA
"RUS",1994,NA
"RUS",1995,NA
"RUS",1996,NA
"RUS",1997,NA
"RUS",1998,NA
"RUS",1999,NA
"RUS",2000,NA
"RUS",2001,NA
"RUS",2002,NA
"RUS",2003,NA
"RUS",2004,NA
"RUS",2005,NA
"RUS",2006,NA
"RUS",2007,NA
"RUS",2008,NA
"RUS",2009,NA
"RUS",2010,NA
"RUS",2011,NA
"RUS",2012,NA
"RUS",2013,NA
"RUS",2014,NA
"RUS",2015,NA
"RUS",2016,NA
"RUS",2017,NA
"RWA",1980,NA
"RWA",1981,NA
"RWA",1982,NA
"RWA",1983,NA
"RWA",1984,NA
"RWA",1985,NA
"RWA",1986,NA
"RWA",1987,NA
"RWA",1988,NA
"RWA",1989,NA
"RWA",1990,NA
"RWA",1991,NA
"RWA",1992,NA
"RWA",1993,NA
"RWA",1994,NA
"RWA",1995,NA
"RWA",1996,NA
"RWA",1997,NA
"RWA",1998,NA
"RWA",1999,NA
"RWA",2000,NA
"RWA",2001,NA
"RWA",2002,NA
"RWA",2003,NA
"RWA",2004,NA
"RWA",2005,NA
"RWA",2006,NA
"RWA",2007,NA
"RWA",2008,NA
"RWA",2009,NA
"RWA",2010,NA
"RWA",2011,NA
"RWA",2012,NA
"RWA",2013,NA
"RWA",2014,NA
"RWA",2015,NA
"RWA",2016,NA
"RWA",2017,NA
"SAU",1980,NA
"SAU",1981,NA
"SAU",1982,NA
"SAU",1983,NA
"SAU",1984,NA
"SAU",1985,NA
"SAU",1986,NA
"SAU",1987,NA
"SAU",1988,NA
"SAU",1989,NA
"SAU",1990,NA
"SAU",1991,NA
"SAU",1992,NA
"SAU",1993,NA
"SAU",1994,NA
"SAU",1995,NA
"SAU",1996,NA
"SAU",1997,NA
"SAU",1998,NA
"SAU",1999,NA
"SAU",2000,NA
"SAU",2001,NA
"SAU",2002,NA
"SAU",2003,NA
"SAU",2004,NA
"SAU",2005,NA
"SAU",2006,NA
"SAU",2007,NA
"SAU",2008,NA
"SAU",2009,NA
"SAU",2010,NA
"SAU",2011,NA
"SAU",2012,NA
"SAU",2013,NA
"SAU",2014,NA
"SAU",2015,NA
"SAU",2016,NA
"SAU",2017,NA
"SDN",1980,NA
"SDN",1981,NA
"SDN",1982,NA
"SDN",1983,NA
"SDN",1984,NA
"SDN",1985,NA
"SDN",1986,NA
"SDN",1987,NA
"SDN",1988,NA
"SDN",1989,NA
"SDN",1990,NA
"SDN",1991,NA
"SDN",1992,NA
"SDN",1993,NA
"SDN",1994,NA
"SDN",1995,NA
"SDN",1996,NA
"SDN",1997,NA
"SDN",1998,NA
"SDN",1999,NA
"SDN",2000,NA
"SDN",2001,NA
"SDN",2002,NA
"SDN",2003,NA
"SDN",2004,NA
"SDN",2005,NA
"SDN",2006,NA
"SDN",2007,NA
"SDN",2008,NA
"SDN",2009,NA
"SDN",2010,NA
"SDN",2011,NA
"SDN",2012,NA
"SDN",2013,NA
"SDN",2014,NA
"SDN",2015,NA
"SDN",2016,NA
"SDN",2017,NA
"SEN",1980,1
"SEN",1981,1
"SEN",1982,1
"SEN",1983,1
"SEN",1984,1
"SEN",1985,1
"SEN",1986,1
"SEN",1987,1
"SEN",1988,1
"SEN",1989,1
"SEN",1990,1
"SEN",1991,1
"SEN",1992,1
"SEN",1993,1
"SEN",1994,1
"SEN",1995,1
"SEN",1996,1
"SEN",1997,1
"SEN",1998,1
"SEN",1999,1
"SEN",2000,1
"SEN",2001,NA
"SEN",2002,NA
"SEN",2003,NA
"SEN",2004,NA
"SEN",2005,NA
"SEN",2006,NA
"SEN",2007,NA
"SEN",2008,NA
"SEN",2009,NA
"SEN",2010,NA
"SEN",2011,NA
"SEN",2012,NA
"SEN",2013,NA
"SEN",2014,NA
"SEN",2015,NA
"SEN",2016,NA
"SEN",2017,NA
"SGP",1980,NA
"SGP",1981,NA
"SGP",1982,NA
"SGP",1983,NA
"SGP",1984,NA
"SGP",1985,NA
"SGP",1986,NA
"SGP",1987,NA
"SGP",1988,NA
"SGP",1989,NA
"SGP",1990,NA
"SGP",1991,NA
"SGP",1992,NA
"SGP",1993,NA
"SGP",1994,NA
"SGP",1995,NA
"SGP",1996,NA
"SGP",1997,NA
"SGP",1998,NA
"SGP",1999,NA
"SGP",2000,NA
"SGP",2001,NA
"SGP",2002,NA
"SGP",2003,NA
"SGP",2004,NA
"SGP",2005,NA
"SGP",2006,NA
"SGP",2007,NA
"SGP",2008,NA
"SGP",2009,NA
"SGP",2010,NA
"SGP",2011,NA
"SGP",2012,NA
"SGP",2013,NA
"SGP",2014,NA
"SGP",2015,NA
"SGP",2016,NA
"SGP",2017,NA
"SLB",1980,NA
"SLB",1981,NA
"SLB",1982,1
"SLB",1983,1
"SLB",1984,1
"SLB",1985,NA
"SLB",1986,NA
"SLB",1987,NA
"SLB",1988,NA
"SLB",1989,NA
"SLB",1990,1
"SLB",1991,1
"SLB",1992,1
"SLB",1993,1
"SLB",1994,NA
"SLB",1995,NA
"SLB",1996,NA
"SLB",1997,NA
"SLB",1998,1
"SLB",1999,1
"SLB",2000,1
"SLB",2001,1
"SLB",2002,NA
"SLB",2003,NA
"SLB",2004,NA
"SLB",2005,NA
"SLB",2006,NA
"SLB",2007,NA
"SLB",2008,NA
"SLB",2009,NA
"SLB",2010,NA
"SLB",2011,NA
"SLB",2012,NA
"SLB",2013,NA
"SLB",2014,NA
"SLB",2015,NA
"SLB",2016,NA
"SLB",2017,NA
"SLE",1980,1
"SLE",1981,1
"SLE",1982,1
"SLE",1983,1
"SLE",1984,1
"SLE",1985,1
"SLE",1986,1
"SLE",1987,1
"SLE",1988,1
"SLE",1989,1
"SLE",1990,1
"SLE",1991,1
"SLE",1992,1
"SLE",1993,NA
"SLE",1994,NA
"SLE",1995,NA
"SLE",1996,NA
"SLE",1997,NA
"SLE",1998,NA
"SLE",1999,NA
"SLE",2000,NA
"SLE",2001,NA
"SLE",2002,NA
"SLE",2003,NA
"SLE",2004,NA
"SLE",2005,NA
"SLE",2006,NA
"SLE",2007,NA
"SLE",2008,1
"SLE",2009,1
"SLE",2010,1
"SLE",2011,1
"SLE",2012,1
"SLE",2013,1
"SLE",2014,1
"SLE",2015,1
"SLE",2016,1
"SLE",2017,1
"SLV",1980,NA
"SLV",1981,NA
"SLV",1982,NA
"SLV",1983,NA
"SLV",1984,NA
"SLV",1985,NA
"SLV",1986,NA
"SLV",1987,NA
"SLV",1988,NA
"SLV",1989,NA
"SLV",1990,NA
"SLV",1991,NA
"SLV",1992,NA
"SLV",1993,NA
"SLV",1994,NA
"SLV",1995,NA
"SLV",1996,NA
"SLV",1997,NA
"SLV",1998,NA
"SLV",1999,NA
"SLV",2000,NA
"SLV",2001,NA
"SLV",2002,NA
"SLV",2003,NA
"SLV",2004,NA
"SLV",2005,NA
"SLV",2006,NA
"SLV",2007,NA
"SLV",2008,NA
"SLV",2009,NA
"SLV",2010,1
"SLV",2011,1
"SLV",2012,1
"SLV",2013,1
"SLV",2014,1
"SLV",2015,1
"SLV",2016,1
"SLV",2017,1
"SOM",1980,NA
"SOM",1981,NA
"SOM",1982,NA
"SOM",1983,NA
"SOM",1984,NA
"SOM",1985,NA
"SOM",1986,NA
"SOM",1987,NA
"SOM",1988,NA
"SOM",1989,NA
"SOM",1990,NA
"SOM",1991,NA
"SOM",1992,NA
"SOM",1993,NA
"SOM",1994,NA
"SOM",1995,NA
"SOM",1996,NA
"SOM",1997,NA
"SOM",1998,NA
"SOM",1999,NA
"SOM",2000,NA
"SOM",2001,NA
"SOM",2002,NA
"SOM",2003,NA
"SOM",2004,NA
"SOM",2005,NA
"SOM",2006,NA
"SOM",2007,NA
"SOM",2008,NA
"SOM",2009,NA
"SOM",2010,NA
"SOM",2011,NA
"SOM",2012,NA
"SOM",2013,NA
"SOM",2014,NA
"SOM",2015,NA
"SOM",2016,NA
"SOM",2017,NA
"SSD",2011,NA
"SSD",2012,NA
"SSD",2013,NA
"SSD",2014,NA
"SSD",2015,NA
"SSD",2016,NA
"SSD",2017,NA
"SUN",1980,1
"SUN",1981,1
"SUN",1982,1
"SUN",1983,1
"SUN",1984,1
"SUN",1985,1
"SUN",1986,1
"SUN",1987,1
"SUN",1988,1
"SUN",1989,1
"SUN",1990,1
"SUN",1991,1
"SUR",1980,NA
"SUR",1981,NA
"SUR",1982,NA
"SUR",1983,NA
"SUR",1984,NA
"SUR",1985,NA
"SUR",1986,NA
"SUR",1987,NA
"SUR",1988,NA
"SUR",1989,1
"SUR",1990,1
"SUR",1991,NA
"SUR",1992,NA
"SUR",1993,NA
"SUR",1994,NA
"SUR",1995,NA
"SUR",1996,NA
"SUR",1997,NA
"SUR",1998,NA
"SUR",1999,NA
"SUR",2000,NA
"SUR",2001,NA
"SUR",2002,NA
"SUR",2003,NA
"SUR",2004,NA
"SUR",2005,NA
"SUR",2006,NA
"SUR",2007,NA
"SUR",2008,NA
"SUR",2009,NA
"SUR",2010,NA
"SUR",2011,NA
"SUR",2012,NA
"SUR",2013,NA
"SUR",2014,NA
"SUR",2015,NA
"SUR",2016,NA
"SUR",2017,NA
"SVK",1980,NA
"SVK",1981,NA
"SVK",1982,NA
"SVK",1983,NA
"SVK",1984,NA
"SVK",1985,NA
"SVK",1986,NA
"SVK",1987,NA
"SVK",1988,NA
"SVK",1989,NA
"SVK",1990,NA
"SVK",1991,NA
"SVK",1992,NA
"SVK",1993,1
"SVK",1994,1
"SVK",1995,1
"SVK",1996,1
"SVK",1997,1
"SVK",1998,1
"SVK",1999,NA
"SVK",2000,NA
"SVK",2001,NA
"SVK",2002,NA
"SVK",2003,NA
"SVK",2004,NA
"SVK",2005,NA
"SVK",2006,NA
"SVK",2007,1
"SVK",2008,1
"SVK",2009,1
"SVK",2010,1
"SVK",2011,1
"SVK",2012,1
"SVK",2013,1
"SVK",2014,1
"SVK",2015,1
"SVK",2016,1
"SVK",2017,1
"SVN",1980,NA
"SVN",1981,NA
"SVN",1982,NA
"SVN",1983,NA
"SVN",1984,NA
"SVN",1985,NA
"SVN",1986,NA
"SVN",1987,NA
"SVN",1988,NA
"SVN",1989,NA
"SVN",1990,NA
"SVN",1991,NA
"SVN",1992,NA
"SVN",1993,1
"SVN",1994,1
"SVN",1995,1
"SVN",1996,1
"SVN",1997,1
"SVN",1998,1
"SVN",1999,1
"SVN",2000,1
"SVN",2001,1
"SVN",2002,1
"SVN",2003,1
"SVN",2004,1
"SVN",2005,NA
"SVN",2006,NA
"SVN",2007,NA
"SVN",2008,NA
"SVN",2009,1
"SVN",2010,1
"SVN",2011,1
"SVN",2012,NA
"SVN",2013,NA
"SVN",2014,1
"SVN",2015,NA
"SVN",2016,NA
"SVN",2017,NA
"SWE",1980,NA
"SWE",1981,NA
"SWE",1982,NA
"SWE",1983,1
"SWE",1984,1
"SWE",1985,1
"SWE",1986,1
"SWE",1987,1
"SWE",1988,1
"SWE",1989,1
"SWE",1990,1
"SWE",1991,1
"SWE",1992,NA
"SWE",1993,NA
"SWE",1994,NA
"SWE",1995,1
"SWE",1996,1
"SWE",1997,1
"SWE",1998,1
"SWE",1999,1
"SWE",2000,1
"SWE",2001,1
"SWE",2002,1
"SWE",2003,1
"SWE",2004,1
"SWE",2005,1
"SWE",2006,1
"SWE",2007,NA
"SWE",2008,NA
"SWE",2009,NA
"SWE",2010,NA
"SWE",2011,NA
"SWE",2012,NA
"SWE",2013,NA
"SWE",2014,NA
"SWE",2015,1
"SWE",2016,1
"SWE",2017,1
"SWZ",1980,NA
"SWZ",1981,NA
"SWZ",1982,NA
"SWZ",1983,NA
"SWZ",1984,NA
"SWZ",1985,NA
"SWZ",1986,NA
"SWZ",1987,NA
"SWZ",1988,NA
"SWZ",1989,NA
"SWZ",1990,NA
"SWZ",1991,NA
"SWZ",1992,NA
"SWZ",1993,NA
"SWZ",1994,NA
"SWZ",1995,NA
"SWZ",1996,NA
"SWZ",1997,NA
"SWZ",1998,NA
"SWZ",1999,NA
"SWZ",2000,NA
"SWZ",2001,NA
"SWZ",2002,NA
"SWZ",2003,NA
"SWZ",2004,NA
"SWZ",2005,NA
"SWZ",2006,NA
"SWZ",2007,NA
"SWZ",2008,NA
"SWZ",2009,NA
"SWZ",2010,NA
"SWZ",2011,NA
"SWZ",2012,NA
"SWZ",2013,NA
"SWZ",2014,NA
"SWZ",2015,NA
"SWZ",2016,NA
"SWZ",2017,NA
"SYR",1980,NA
"SYR",1981,NA
"SYR",1982,NA
"SYR",1983,NA
"SYR",1984,NA
"SYR",1985,NA
"SYR",1986,NA
"SYR",1987,NA
"SYR",1988,NA
"SYR",1989,NA
"SYR",1990,NA
"SYR",1991,NA
"SYR",1992,NA
"SYR",1993,NA
"SYR",1994,NA
"SYR",1995,NA
"SYR",1996,NA
"SYR",1997,NA
"SYR",1998,NA
"SYR",1999,NA
"SYR",2000,NA
"SYR",2001,NA
"SYR",2002,NA
"SYR",2003,NA
"SYR",2004,NA
"SYR",2005,NA
"SYR",2006,NA
"SYR",2007,NA
"SYR",2008,NA
"SYR",2009,NA
"SYR",2010,NA
"SYR",2011,NA
"SYR",2012,NA
"SYR",2013,NA
"SYR",2014,NA
"SYR",2015,NA
"SYR",2016,NA
"SYR",2017,NA
"TCD",1980,NA
"TCD",1981,NA
"TCD",1982,NA
"TCD",1983,NA
"TCD",1984,NA
"TCD",1985,NA
"TCD",1986,NA
"TCD",1987,NA
"TCD",1988,NA
"TCD",1989,NA
"TCD",1990,NA
"TCD",1991,NA
"TCD",1992,NA
"TCD",1993,NA
"TCD",1994,NA
"TCD",1995,NA
"TCD",1996,NA
"TCD",1997,NA
"TCD",1998,NA
"TCD",1999,NA
"TCD",2000,NA
"TCD",2001,NA
"TCD",2002,NA
"TCD",2003,NA
"TCD",2004,NA
"TCD",2005,NA
"TCD",2006,NA
"TCD",2007,NA
"TCD",2008,NA
"TCD",2009,NA
"TCD",2010,NA
"TCD",2011,NA
"TCD",2012,NA
"TCD",2013,NA
"TCD",2014,NA
"TCD",2015,NA
"TCD",2016,NA
"TCD",2017,NA
"TGO",1980,NA
"TGO",1981,NA
"TGO",1982,NA
"TGO",1983,NA
"TGO",1984,NA
"TGO",1985,NA
"TGO",1986,NA
"TGO",1987,NA
"TGO",1988,NA
"TGO",1989,NA
"TGO",1990,NA
"TGO",1991,NA
"TGO",1992,NA
"TGO",1993,NA
"TGO",1994,NA
"TGO",1995,NA
"TGO",1996,NA
"TGO",1997,NA
"TGO",1998,NA
"TGO",1999,NA
"TGO",2000,NA
"TGO",2001,NA
"TGO",2002,NA
"TGO",2003,NA
"TGO",2004,NA
"TGO",2005,NA
"TGO",2006,NA
"TGO",2007,NA
"TGO",2008,NA
"TGO",2009,NA
"TGO",2010,NA
"TGO",2011,NA
"TGO",2012,NA
"TGO",2013,NA
"TGO",2014,NA
"TGO",2015,NA
"TGO",2016,NA
"TGO",2017,NA
"THA",1980,NA
"THA",1981,NA
"THA",1982,NA
"THA",1983,NA
"THA",1984,NA
"THA",1985,NA
"THA",1986,NA
"THA",1987,NA
"THA",1988,NA
"THA",1989,NA
"THA",1990,NA
"THA",1991,NA
"THA",1992,NA
"THA",1993,NA
"THA",1994,NA
"THA",1995,NA
"THA",1996,NA
"THA",1997,NA
"THA",1998,NA
"THA",1999,NA
"THA",2000,NA
"THA",2001,NA
"THA",2002,NA
"THA",2003,NA
"THA",2004,NA
"THA",2005,NA
"THA",2006,NA
"THA",2007,NA
"THA",2008,NA
"THA",2009,NA
"THA",2010,NA
"THA",2011,NA
"THA",2012,NA
"THA",2013,NA
"THA",2014,NA
"THA",2015,NA
"THA",2016,NA
"THA",2017,NA
"TJK",1980,NA
"TJK",1981,NA
"TJK",1982,NA
"TJK",1983,NA
"TJK",1984,NA
"TJK",1985,NA
"TJK",1986,NA
"TJK",1987,NA
"TJK",1988,NA
"TJK",1989,NA
"TJK",1990,NA
"TJK",1991,NA
"TJK",1992,1
"TJK",1993,1
"TJK",1994,1
"TJK",1995,1
"TJK",1996,1
"TJK",1997,1
"TJK",1998,1
"TJK",1999,1
"TJK",2000,1
"TJK",2001,1
"TJK",2002,1
"TJK",2003,1
"TJK",2004,1
"TJK",2005,1
"TJK",2006,1
"TJK",2007,1
"TJK",2008,1
"TJK",2009,1
"TJK",2010,1
"TJK",2011,1
"TJK",2012,1
"TJK",2013,1
"TJK",2014,1
"TJK",2015,1
"TJK",2016,1
"TJK",2017,1
"TKM",1980,NA
"TKM",1981,NA
"TKM",1982,NA
"TKM",1983,NA
"TKM",1984,NA
"TKM",1985,NA
"TKM",1986,NA
"TKM",1987,NA
"TKM",1988,NA
"TKM",1989,NA
"TKM",1990,NA
"TKM",1991,NA
"TKM",1992,1
"TKM",1993,1
"TKM",1994,1
"TKM",1995,1
"TKM",1996,1
"TKM",1997,1
"TKM",1998,1
"TKM",1999,1
"TKM",2000,1
"TKM",2001,1
"TKM",2002,1
"TKM",2003,1
"TKM",2004,1
"TKM",2005,1
"TKM",2006,1
"TKM",2007,1
"TKM",2008,1
"TKM",2009,1
"TKM",2010,1
"TKM",2011,1
"TKM",2012,1
"TKM",2013,1
"TKM",2014,1
"TKM",2015,1
"TKM",2016,1
"TKM",2017,1
"TMP",1980,NA
"TMP",1981,NA
"TMP",1982,NA
"TMP",1983,NA
"TMP",1984,NA
"TMP",1985,NA
"TMP",1986,NA
"TMP",1987,NA
"TMP",1988,NA
"TMP",1989,NA
"TMP",1990,NA
"TMP",1991,NA
"TMP",1992,NA
"TMP",1993,NA
"TMP",1994,NA
"TMP",1995,NA
"TMP",1996,NA
"TMP",1997,NA
"TMP",1998,NA
"TMP",1999,NA
"TMP",2000,NA
"TMP",2001,NA
"TMP",2002,NA
"TMP",2003,NA
"TMP",2004,NA
"TMP",2005,NA
"TMP",2006,NA
"TMP",2007,NA
"TMP",2008,NA
"TMP",2009,NA
"TMP",2010,NA
"TMP",2011,NA
"TMP",2012,NA
"TMP",2013,NA
"TMP",2014,NA
"TMP",2015,NA
"TMP",2016,NA
"TMP",2017,NA
"TTO",1980,NA
"TTO",1981,NA
"TTO",1982,NA
"TTO",1983,NA
"TTO",1984,NA
"TTO",1985,NA
"TTO",1986,NA
"TTO",1987,1
"TTO",1988,1
"TTO",1989,1
"TTO",1990,1
"TTO",1991,1
"TTO",1992,NA
"TTO",1993,NA
"TTO",1994,NA
"TTO",1995,NA
"TTO",1996,1
"TTO",1997,1
"TTO",1998,1
"TTO",1999,1
"TTO",2000,1
"TTO",2001,1
"TTO",2002,NA
"TTO",2003,NA
"TTO",2004,NA
"TTO",2005,NA
"TTO",2006,NA
"TTO",2007,NA
"TTO",2008,NA
"TTO",2009,NA
"TTO",2010,NA
"TTO",2011,1
"TTO",2012,1
"TTO",2013,1
"TTO",2014,1
"TTO",2015,1
"TTO",2016,NA
"TTO",2017,NA
"TUN",1980,1
"TUN",1981,1
"TUN",1982,1
"TUN",1983,1
"TUN",1984,1
"TUN",1985,1
"TUN",1986,1
"TUN",1987,1
"TUN",1988,1
"TUN",1989,1
"TUN",1990,1
"TUN",1991,1
"TUN",1992,1
"TUN",1993,1
"TUN",1994,1
"TUN",1995,1
"TUN",1996,1
"TUN",1997,1
"TUN",1998,1
"TUN",1999,1
"TUN",2000,1
"TUN",2001,1
"TUN",2002,1
"TUN",2003,1
"TUN",2004,1
"TUN",2005,1
"TUN",2006,1
"TUN",2007,1
"TUN",2008,1
"TUN",2009,1
"TUN",2010,1
"TUN",2011,1
"TUN",2012,NA
"TUN",2013,NA
"TUN",2014,NA
"TUN",2015,NA
"TUN",2016,NA
"TUN",2017,NA
"TUR",1980,NA
"TUR",1981,NA
"TUR",1982,NA
"TUR",1983,NA
"TUR",1984,NA
"TUR",1985,NA
"TUR",1986,NA
"TUR",1987,NA
"TUR",1988,NA
"TUR",1989,NA
"TUR",1990,NA
"TUR",1991,NA
"TUR",1992,NA
"TUR",1993,NA
"TUR",1994,NA
"TUR",1995,NA
"TUR",1996,NA
"TUR",1997,NA
"TUR",1998,NA
"TUR",1999,NA
"TUR",2000,1
"TUR",2001,1
"TUR",2002,1
"TUR",2003,NA
"TUR",2004,NA
"TUR",2005,NA
"TUR",2006,NA
"TUR",2007,NA
"TUR",2008,NA
"TUR",2009,NA
"TUR",2010,NA
"TUR",2011,NA
"TUR",2012,NA
"TUR",2013,NA
"TUR",2014,NA
"TUR",2015,NA
"TUR",2016,NA
"TUR",2017,NA
"TWN",1980,NA
"TWN",1981,NA
"TWN",1982,NA
"TWN",1983,NA
"TWN",1984,NA
"TWN",1985,NA
"TWN",1986,NA
"TWN",1987,NA
"TWN",1988,NA
"TWN",1989,NA
"TWN",1990,NA
"TWN",1991,NA
"TWN",1992,NA
"TWN",1993,NA
"TWN",1994,NA
"TWN",1995,NA
"TWN",1996,NA
"TWN",1997,NA
"TWN",1998,NA
"TWN",1999,NA
"TWN",2000,NA
"TWN",2001,NA
"TWN",2002,NA
"TWN",2003,NA
"TWN",2004,NA
"TWN",2005,NA
"TWN",2006,NA
"TWN",2007,NA
"TWN",2008,NA
"TWN",2009,NA
"TWN",2010,NA
"TWN",2011,NA
"TWN",2012,NA
"TWN",2013,NA
"TWN",2014,NA
"TWN",2015,NA
"TWN",2016,NA
"TWN",2017,NA
"TZA",1980,1
"TZA",1981,1
"TZA",1982,1
"TZA",1983,1
"TZA",1984,1
"TZA",1985,1
"TZA",1986,1
"TZA",1987,1
"TZA",1988,1
"TZA",1989,1
"TZA",1990,1
"TZA",1991,1
"TZA",1992,1
"TZA",1993,1
"TZA",1994,1
"TZA",1995,1
"TZA",1996,1
"TZA",1997,1
"TZA",1998,1
"TZA",1999,1
"TZA",2000,1
"TZA",2001,1
"TZA",2002,1
"TZA",2003,1
"TZA",2004,1
"TZA",2005,1
"TZA",2006,1
"TZA",2007,1
"TZA",2008,1
"TZA",2009,1
"TZA",2010,1
"TZA",2011,1
"TZA",2012,1
"TZA",2013,1
"TZA",2014,1
"TZA",2015,1
"TZA",2016,1
"TZA",2017,1
"UGA",1980,NA
"UGA",1981,1
"UGA",1982,1
"UGA",1983,1
"UGA",1984,1
"UGA",1985,1
"UGA",1986,NA
"UGA",1987,NA
"UGA",1988,NA
"UGA",1989,NA
"UGA",1990,NA
"UGA",1991,NA
"UGA",1992,NA
"UGA",1993,NA
"UGA",1994,NA
"UGA",1995,NA
"UGA",1996,NA
"UGA",1997,NA
"UGA",1998,NA
"UGA",1999,NA
"UGA",2000,NA
"UGA",2001,NA
"UGA",2002,NA
"UGA",2003,NA
"UGA",2004,NA
"UGA",2005,NA
"UGA",2006,NA
"UGA",2007,NA
"UGA",2008,NA
"UGA",2009,NA
"UGA",2010,NA
"UGA",2011,NA
"UGA",2012,NA
"UGA",2013,NA
"UGA",2014,NA
"UGA",2015,NA
"UGA",2016,NA
"UGA",2017,NA
"UKR",1980,NA
"UKR",1981,NA
"UKR",1982,NA
"UKR",1983,NA
"UKR",1984,NA
"UKR",1985,NA
"UKR",1986,NA
"UKR",1987,NA
"UKR",1988,NA
"UKR",1989,NA
"UKR",1990,NA
"UKR",1991,NA
"UKR",1992,1
"UKR",1993,1
"UKR",1994,1
"UKR",1995,NA
"UKR",1996,NA
"UKR",1997,NA
"UKR",1998,NA
"UKR",1999,NA
"UKR",2000,NA
"UKR",2001,NA
"UKR",2002,NA
"UKR",2003,NA
"UKR",2004,NA
"UKR",2005,NA
"UKR",2006,NA
"UKR",2007,NA
"UKR",2008,NA
"UKR",2009,NA
"UKR",2010,NA
"UKR",2011,NA
"UKR",2012,NA
"UKR",2013,NA
"UKR",2014,NA
"UKR",2015,NA
"UKR",2016,NA
"UKR",2017,NA
"URY",1980,NA
"URY",1981,NA
"URY",1982,NA
"URY",1983,NA
"URY",1984,NA
"URY",1985,NA
"URY",1986,NA
"URY",1987,NA
"URY",1988,NA
"URY",1989,NA
"URY",1990,NA
"URY",1991,NA
"URY",1992,NA
"URY",1993,NA
"URY",1994,NA
"URY",1995,NA
"URY",1996,NA
"URY",1997,NA
"URY",1998,NA
"URY",1999,NA
"URY",2000,NA
"URY",2001,NA
"URY",2002,NA
"URY",2003,NA
"URY",2004,NA
"URY",2005,1
"URY",2006,1
"URY",2007,1
"URY",2008,1
"URY",2009,1
"URY",2010,1
"URY",2011,1
"URY",2012,1
"URY",2013,1
"URY",2014,1
"URY",2015,1
"URY",2016,1
"URY",2017,1
"USA",1980,1
"USA",1981,NA
"USA",1982,NA
"USA",1983,NA
"USA",1984,NA
"USA",1985,NA
"USA",1986,NA
"USA",1987,NA
"USA",1988,NA
"USA",1989,NA
"USA",1990,NA
"USA",1991,NA
"USA",1992,NA
"USA",1993,1
"USA",1994,1
"USA",1995,1
"USA",1996,1
"USA",1997,1
"USA",1998,1
"USA",1999,1
"USA",2000,1
"USA",2001,NA
"USA",2002,NA
"USA",2003,NA
"USA",2004,NA
"USA",2005,NA
"USA",2006,NA
"USA",2007,NA
"USA",2008,NA
"USA",2009,1
"USA",2010,1
"USA",2011,1
"USA",2012,1
"USA",2013,1
"USA",2014,1
"USA",2015,1
"USA",2016,1
"USA",2017,NA
"UZB",1980,NA
"UZB",1981,NA
"UZB",1982,NA
"UZB",1983,NA
"UZB",1984,NA
"UZB",1985,NA
"UZB",1986,NA
"UZB",1987,NA
"UZB",1988,NA
"UZB",1989,NA
"UZB",1990,NA
"UZB",1991,NA
"UZB",1992,1
"UZB",1993,1
"UZB",1994,1
"UZB",1995,1
"UZB",1996,1
"UZB",1997,1
"UZB",1998,1
"UZB",1999,1
"UZB",2000,1
"UZB",2001,1
"UZB",2002,1
"UZB",2003,1
"UZB",2004,1
"UZB",2005,1
"UZB",2006,1
"UZB",2007,1
"UZB",2008,NA
"UZB",2009,NA
"UZB",2010,NA
"UZB",2011,NA
"UZB",2012,NA
"UZB",2013,NA
"UZB",2014,NA
"UZB",2015,NA
"UZB",2016,NA
"UZB",2017,NA
"VEN",1980,NA
"VEN",1981,NA
"VEN",1982,NA
"VEN",1983,NA
"VEN",1984,1
"VEN",1985,1
"VEN",1986,1
"VEN",1987,1
"VEN",1988,1
"VEN",1989,NA
"VEN",1990,NA
"VEN",1991,NA
"VEN",1992,NA
"VEN",1993,NA
"VEN",1994,NA
"VEN",1995,NA
"VEN",1996,NA
"VEN",1997,NA
"VEN",1998,NA
"VEN",1999,NA
"VEN",2000,NA
"VEN",2001,NA
"VEN",2002,NA
"VEN",2003,NA
"VEN",2004,NA
"VEN",2005,NA
"VEN",2006,NA
"VEN",2007,NA
"VEN",2008,NA
"VEN",2009,NA
"VEN",2010,NA
"VEN",2011,NA
"VEN",2012,NA
"VEN",2013,NA
"VEN",2014,NA
"VEN",2015,NA
"VEN",2016,NA
"VEN",2017,NA
"VNM",1980,1
"VNM",1981,1
"VNM",1982,1
"VNM",1983,1
"VNM",1984,1
"VNM",1985,1
"VNM",1986,1
"VNM",1987,1
"VNM",1988,1
"VNM",1989,1
"VNM",1990,1
"VNM",1991,1
"VNM",1992,1
"VNM",1993,1
"VNM",1994,1
"VNM",1995,1
"VNM",1996,1
"VNM",1997,1
"VNM",1998,1
"VNM",1999,1
"VNM",2000,1
"VNM",2001,1
"VNM",2002,1
"VNM",2003,1
"VNM",2004,1
"VNM",2005,1
"VNM",2006,1
"VNM",2007,1
"VNM",2008,1
"VNM",2009,1
"VNM",2010,1
"VNM",2011,1
"VNM",2012,1
"VNM",2013,1
"VNM",2014,1
"VNM",2015,1
"VNM",2016,1
"VNM",2017,1
"VUT",1980,NA
"VUT",1981,1
"VUT",1982,1
"VUT",1983,1
"VUT",1984,1
"VUT",1985,1
"VUT",1986,1
"VUT",1987,1
"VUT",1988,1
"VUT",1989,1
"VUT",1990,1
"VUT",1991,1
"VUT",1992,NA
"VUT",1993,NA
"VUT",1994,NA
"VUT",1995,NA
"VUT",1996,NA
"VUT",1997,NA
"VUT",1998,NA
"VUT",1999,1
"VUT",2000,NA
"VUT",2001,1
"VUT",2002,1
"VUT",2003,1
"VUT",2004,1
"VUT",2005,1
"VUT",2006,1
"VUT",2007,1
"VUT",2008,1
"VUT",2009,1
"VUT",2010,1
"VUT",2011,NA
"VUT",2012,NA
"VUT",2013,NA
"VUT",2014,NA
"VUT",2015,1
"VUT",2016,NA
"VUT",2017,NA
"WSM",1980,NA
"WSM",1981,NA
"WSM",1982,NA
"WSM",1983,NA
"WSM",1984,NA
"WSM",1985,NA
"WSM",1986,NA
"WSM",1987,NA
"WSM",1988,NA
"WSM",1989,NA
"WSM",1990,NA
"WSM",1991,NA
"WSM",1992,NA
"WSM",1993,NA
"WSM",1994,NA
"WSM",1995,NA
"WSM",1996,NA
"WSM",1997,NA
"WSM",1998,NA
"WSM",1999,NA
"WSM",2000,NA
"WSM",2001,NA
"WSM",2002,NA
"WSM",2003,NA
"WSM",2004,NA
"WSM",2005,NA
"WSM",2006,NA
"WSM",2007,NA
"WSM",2008,NA
"WSM",2009,NA
"WSM",2010,NA
"WSM",2011,NA
"WSM",2012,NA
"WSM",2013,NA
"WSM",2014,NA
"WSM",2015,NA
"WSM",2016,NA
"WSM",2017,NA
"YEM",1980,NA
"YEM",1981,NA
"YEM",1982,NA
"YEM",1983,NA
"YEM",1984,NA
"YEM",1985,NA
"YEM",1986,NA
"YEM",1987,NA
"YEM",1988,NA
"YEM",1989,NA
"YEM",1990,NA
"YEM",1991,NA
"YEM",1992,NA
"YEM",1993,NA
"YEM",1994,NA
"YEM",1995,NA
"YEM",1996,NA
"YEM",1997,NA
"YEM",1998,NA
"YEM",1999,NA
"YEM",2000,NA
"YEM",2001,NA
"YEM",2002,NA
"YEM",2003,NA
"YEM",2004,NA
"YEM",2005,NA
"YEM",2006,NA
"YEM",2007,NA
"YEM",2008,NA
"YEM",2009,NA
"YEM",2010,NA
"YEM",2011,NA
"YEM",2012,NA
"YEM",2013,NA
"YEM",2014,NA
"YEM",2015,NA
"YEM",2016,NA
"YEM",2017,NA
"YMD",1980,1
"YMD",1981,1
"YMD",1982,1
"YMD",1983,1
"YMD",1984,1
"YMD",1985,1
"YMD",1986,1
"YMD",1987,1
"YMD",1988,1
"YMD",1989,1
"YMD",1990,NA
"YMD",1991,NA
"YMD",1992,NA
"YMD",1993,NA
"YMD",1994,NA
"YMD",1995,NA
"YMD",1996,NA
"YMD",1997,NA
"YMD",1998,NA
"YMD",1999,NA
"YMD",2000,NA
"YMD",2001,NA
"YMD",2002,NA
"YMD",2003,NA
"YMD",2004,NA
"YMD",2005,NA
"YMD",2006,NA
"YMD",2007,NA
"YMD",2008,NA
"YMD",2009,NA
"YMD",2010,NA
"YMD",2011,NA
"YMD",2012,NA
"YMD",2013,NA
"YMD",2014,NA
"YMD",2015,NA
"YMD",2016,NA
"YMD",2017,NA
"YSR",1980,1
"YSR",1981,1
"YSR",1982,1
"YSR",1983,1
"YSR",1984,1
"YSR",1985,1
"YSR",1986,1
"YSR",1987,1
"YSR",1988,1
"YSR",1989,1
"YSR",1990,1
"YSR",1991,1
"YSR",1992,NA
"YSR",1993,1
"YSR",1994,1
"YSR",1995,1
"YSR",1996,1
"YSR",1997,1
"YSR",1998,1
"YSR",1999,1
"YSR",2000,1
"YSR",2001,1
"YSR",2002,NA
"YSR",2003,NA
"YSR",2004,NA
"YSR",2005,NA
"YSR",2006,NA
"YSR",2007,NA
"YSR",2008,NA
"YSR",2009,NA
"YSR",2010,NA
"YSR",2011,NA
"YSR",2012,NA
"YSR",2013,NA
"YSR",2014,NA
"YSR",2015,NA
"YSR",2016,NA
"YSR",2017,NA
"ZAF",1980,NA
"ZAF",1981,NA
"ZAF",1982,NA
"ZAF",1983,NA
"ZAF",1984,NA
"ZAF",1985,NA
"ZAF",1986,NA
"ZAF",1987,NA
"ZAF",1988,NA
"ZAF",1989,NA
"ZAF",1990,NA
"ZAF",1991,NA
"ZAF",1992,NA
"ZAF",1993,NA
"ZAF",1994,NA
"ZAF",1995,1
"ZAF",1996,1
"ZAF",1997,1
"ZAF",1998,1
"ZAF",1999,1
"ZAF",2000,1
"ZAF",2001,1
"ZAF",2002,1
"ZAF",2003,1
"ZAF",2004,1
"ZAF",2005,1
"ZAF",2006,1
"ZAF",2007,1
"ZAF",2008,1
"ZAF",2009,1
"ZAF",2010,1
"ZAF",2011,1
"ZAF",2012,1
"ZAF",2013,1
"ZAF",2014,1
"ZAF",2015,1
"ZAF",2016,1
"ZAF",2017,1
"ZAR",1980,NA
"ZAR",1981,NA
"ZAR",1982,NA
"ZAR",1983,NA
"ZAR",1984,NA
"ZAR",1985,NA
"ZAR",1986,NA
"ZAR",1987,NA
"ZAR",1988,NA
"ZAR",1989,NA
"ZAR",1990,NA
"ZAR",1991,NA
"ZAR",1992,NA
"ZAR",1993,NA
"ZAR",1994,NA
"ZAR",1995,NA
"ZAR",1996,NA
"ZAR",1997,NA
"ZAR",1998,NA
"ZAR",1999,NA
"ZAR",2000,NA
"ZAR",2001,NA
"ZAR",2002,NA
"ZAR",2003,NA
"ZAR",2004,NA
"ZAR",2005,NA
"ZAR",2006,NA
"ZAR",2007,NA
"ZAR",2008,NA
"ZAR",2009,NA
"ZAR",2010,NA
"ZAR",2011,NA
"ZAR",2012,NA
"ZAR",2013,NA
"ZAR",2014,NA
"ZAR",2015,NA
"ZAR",2016,NA
"ZAR",2017,NA
"ZMB",1980,1
"ZMB",1981,1
"ZMB",1982,1
"ZMB",1983,1
"ZMB",1984,1
"ZMB",1985,1
"ZMB",1986,1
"ZMB",1987,1
"ZMB",1988,1
"ZMB",1989,1
"ZMB",1990,1
"ZMB",1991,1
"ZMB",1992,1
"ZMB",1993,1
"ZMB",1994,1
"ZMB",1995,1
"ZMB",1996,1
"ZMB",1997,1
"ZMB",1998,1
"ZMB",1999,1
"ZMB",2000,1
"ZMB",2001,1
"ZMB",2002,1
"ZMB",2003,1
"ZMB",2004,1
"ZMB",2005,1
"ZMB",2006,1
"ZMB",2007,1
"ZMB",2008,1
"ZMB",2009,1
"ZMB",2010,1
"ZMB",2011,1
"ZMB",2012,NA
"ZMB",2013,NA
"ZMB",2014,NA
"ZMB",2015,NA
"ZMB",2016,NA
"ZMB",2017,NA
"ZWE",1980,NA
"ZWE",1981,NA
"ZWE",1982,NA
"ZWE",1983,NA
"ZWE",1984,NA
"ZWE",1985,NA
"ZWE",1986,NA
"ZWE",1987,NA
"ZWE",1988,NA
"ZWE",1989,NA
"ZWE",1990,NA
"ZWE",1991,NA
"ZWE",1992,NA
"ZWE",1993,NA
"ZWE",1994,NA
"ZWE",1995,NA
"ZWE",1996,NA
"ZWE",1997,NA
"ZWE",1998,NA
"ZWE",1999,NA
"ZWE",2000,NA
"ZWE",2001,NA
"ZWE",2002,NA
"ZWE",2003,NA
"ZWE",2004,NA
"ZWE",2005,NA
"ZWE",2006,NA
"ZWE",2007,NA
"ZWE",2008,NA
"ZWE",2009,NA
"ZWE",2010,NA
"ZWE",2011,NA
"ZWE",2012,NA
"ZWE",2013,NA
"ZWE",2014,NA
"ZWE",2015,NA
"ZWE",2016,NA
"ZWE",2017,NA
