"iso3c","year","RevCoups"
"USA",1980,0
"USA",1981,0
"USA",1982,0
"USA",1983,0
"USA",1984,0
"USA",1985,0
"USA",1986,0
"USA",1987,0
"USA",1988,0
"USA",1989,0
"USA",1990,0
"USA",1991,0
"USA",1992,0
"USA",1993,0
"USA",1994,0
"USA",1995,0
"USA",1996,0
"USA",1997,0
"USA",1998,0
"USA",1999,0
"USA",2000,0
"USA",2001,0
"USA",2002,0
"USA",2003,0
"USA",2004,0
"USA",2005,0
"USA",2006,0
"USA",2007,0
"USA",2008,0
"USA",2009,0
"USA",2010,0
"USA",2011,0
"USA",2012,0
"USA",2013,0
"USA",2014,0
"USA",2015,0
"USA",2016,0
"USA",2017,0
"USA",2018,0
"USA",2019,0
"CAN",1980,0
"CAN",1981,0
"CAN",1982,0
"CAN",1983,0
"CAN",1984,0
"CAN",1985,0
"CAN",1986,0
"CAN",1987,0
"CAN",1988,0
"CAN",1989,0
"CAN",1990,0
"CAN",1991,0
"CAN",1992,0
"CAN",1993,0
"CAN",1994,0
"CAN",1995,0
"CAN",1996,0
"CAN",1997,0
"CAN",1998,0
"CAN",1999,0
"CAN",2000,0
"CAN",2001,0
"CAN",2002,0
"CAN",2003,0
"CAN",2004,0
"CAN",2005,0
"CAN",2006,0
"CAN",2007,0
"CAN",2008,0
"CAN",2009,0
"CAN",2010,0
"CAN",2011,0
"CAN",2012,0
"CAN",2013,0
"CAN",2014,0
"CAN",2015,0
"CAN",2016,0
"CAN",2017,0
"CAN",2018,0
"CAN",2019,0
"BHS",1980,0
"BHS",1981,0
"BHS",1982,0
"BHS",1983,0
"BHS",1984,0
"BHS",1985,0
"BHS",1986,0
"BHS",1987,0
"BHS",1988,0
"BHS",1989,0
"BHS",1990,0
"BHS",1991,0
"BHS",1992,0
"BHS",1993,0
"BHS",1994,0
"BHS",1995,0
"BHS",1996,0
"BHS",1997,0
"BHS",1998,0
"BHS",1999,0
"BHS",2000,0
"BHS",2001,0
"BHS",2002,0
"BHS",2003,0
"BHS",2004,0
"BHS",2005,0
"BHS",2006,0
"BHS",2007,0
"BHS",2008,0
"BHS",2009,0
"BHS",2010,0
"BHS",2011,0
"BHS",2012,0
"BHS",2013,0
"BHS",2014,0
"BHS",2015,0
"BHS",2016,0
"BHS",2017,0
"BHS",2018,0
"BHS",2019,0
"CUB",1980,0
"CUB",1981,0
"CUB",1982,0
"CUB",1983,0
"CUB",1984,0
"CUB",1985,0
"CUB",1986,0
"CUB",1987,0
"CUB",1988,0
"CUB",1989,0
"CUB",1990,0
"CUB",1991,0
"CUB",1992,0
"CUB",1993,0
"CUB",1994,0
"CUB",1995,0
"CUB",1996,0
"CUB",1997,0
"CUB",1998,0
"CUB",1999,0
"CUB",2000,0
"CUB",2001,0
"CUB",2002,0
"CUB",2003,0
"CUB",2004,0
"CUB",2005,0
"CUB",2006,0
"CUB",2007,0
"CUB",2008,0
"CUB",2009,0
"CUB",2010,0
"CUB",2011,0
"CUB",2012,0
"CUB",2013,0
"CUB",2014,0
"CUB",2015,0
"CUB",2016,0
"CUB",2017,0
"CUB",2018,0
"CUB",2019,0
"HTI",1980,0
"HTI",1981,0
"HTI",1982,0
"HTI",1983,0
"HTI",1984,0
"HTI",1985,0
"HTI",1986,2
"HTI",1987,0
"HTI",1988,4
"HTI",1989,2
"HTI",1990,0
"HTI",1991,3
"HTI",1992,0
"HTI",1993,0
"HTI",1994,0
"HTI",1995,0
"HTI",1996,0
"HTI",1997,0
"HTI",1998,0
"HTI",1999,0
"HTI",2000,0
"HTI",2001,0
"HTI",2002,0
"HTI",2003,0
"HTI",2004,0
"HTI",2005,0
"HTI",2006,0
"HTI",2007,0
"HTI",2008,0
"HTI",2009,0
"HTI",2010,0
"HTI",2011,0
"HTI",2012,0
"HTI",2013,0
"HTI",2014,0
"HTI",2015,0
"HTI",2016,0
"HTI",2017,0
"HTI",2018,0
"HTI",2019,0
"DOM",1980,0
"DOM",1981,0
"DOM",1982,0
"DOM",1983,0
"DOM",1984,0
"DOM",1985,0
"DOM",1986,0
"DOM",1987,0
"DOM",1988,0
"DOM",1989,0
"DOM",1990,0
"DOM",1991,0
"DOM",1992,0
"DOM",1993,0
"DOM",1994,0
"DOM",1995,0
"DOM",1996,0
"DOM",1997,0
"DOM",1998,0
"DOM",1999,0
"DOM",2000,0
"DOM",2001,0
"DOM",2002,0
"DOM",2003,0
"DOM",2004,0
"DOM",2005,0
"DOM",2006,0
"DOM",2007,0
"DOM",2008,0
"DOM",2009,0
"DOM",2010,0
"DOM",2011,0
"DOM",2012,0
"DOM",2013,0
"DOM",2014,0
"DOM",2015,0
"DOM",2016,0
"DOM",2017,0
"DOM",2018,0
"DOM",2019,0
"JAM",1980,0
"JAM",1981,0
"JAM",1982,0
"JAM",1983,0
"JAM",1984,0
"JAM",1985,0
"JAM",1986,0
"JAM",1987,0
"JAM",1988,0
"JAM",1989,0
"JAM",1990,0
"JAM",1991,0
"JAM",1992,0
"JAM",1993,0
"JAM",1994,0
"JAM",1995,0
"JAM",1996,0
"JAM",1997,0
"JAM",1998,0
"JAM",1999,0
"JAM",2000,0
"JAM",2001,0
"JAM",2002,0
"JAM",2003,0
"JAM",2004,0
"JAM",2005,0
"JAM",2006,0
"JAM",2007,0
"JAM",2008,0
"JAM",2009,0
"JAM",2010,0
"JAM",2011,0
"JAM",2012,0
"JAM",2013,0
"JAM",2014,0
"JAM",2015,0
"JAM",2016,0
"JAM",2017,0
"JAM",2018,0
"JAM",2019,0
"TTO",1980,0
"TTO",1981,0
"TTO",1982,0
"TTO",1983,0
"TTO",1984,0
"TTO",1985,0
"TTO",1986,0
"TTO",1987,0
"TTO",1988,0
"TTO",1989,0
"TTO",1990,0
"TTO",1991,0
"TTO",1992,0
"TTO",1993,0
"TTO",1994,0
"TTO",1995,0
"TTO",1996,0
"TTO",1997,0
"TTO",1998,0
"TTO",1999,0
"TTO",2000,0
"TTO",2001,0
"TTO",2002,0
"TTO",2003,0
"TTO",2004,0
"TTO",2005,0
"TTO",2006,0
"TTO",2007,0
"TTO",2008,0
"TTO",2009,0
"TTO",2010,0
"TTO",2011,0
"TTO",2012,0
"TTO",2013,0
"TTO",2014,0
"TTO",2015,0
"TTO",2016,0
"TTO",2017,0
"TTO",2018,0
"TTO",2019,0
"BRB",1980,0
"BRB",1981,0
"BRB",1982,0
"BRB",1983,0
"BRB",1984,0
"BRB",1985,0
"BRB",1986,0
"BRB",1987,0
"BRB",1988,0
"BRB",1989,0
"BRB",1990,0
"BRB",1991,0
"BRB",1992,0
"BRB",1993,0
"BRB",1994,0
"BRB",1995,0
"BRB",1996,0
"BRB",1997,0
"BRB",1998,0
"BRB",1999,0
"BRB",2000,0
"BRB",2001,0
"BRB",2002,0
"BRB",2003,0
"BRB",2004,0
"BRB",2005,0
"BRB",2006,0
"BRB",2007,0
"BRB",2008,0
"BRB",2009,0
"BRB",2010,0
"BRB",2011,0
"BRB",2012,0
"BRB",2013,0
"BRB",2014,0
"BRB",2015,0
"BRB",2016,0
"BRB",2017,0
"BRB",2018,0
"BRB",2019,0
"MEX",1980,0
"MEX",1981,0
"MEX",1982,0
"MEX",1983,0
"MEX",1984,0
"MEX",1985,0
"MEX",1986,0
"MEX",1987,0
"MEX",1988,0
"MEX",1989,0
"MEX",1990,0
"MEX",1991,0
"MEX",1992,0
"MEX",1993,0
"MEX",1994,0
"MEX",1995,0
"MEX",1996,0
"MEX",1997,0
"MEX",1998,0
"MEX",1999,0
"MEX",2000,0
"MEX",2001,0
"MEX",2002,0
"MEX",2003,0
"MEX",2004,0
"MEX",2005,0
"MEX",2006,0
"MEX",2007,0
"MEX",2008,0
"MEX",2009,0
"MEX",2010,0
"MEX",2011,0
"MEX",2012,0
"MEX",2013,0
"MEX",2014,0
"MEX",2015,0
"MEX",2016,0
"MEX",2017,0
"MEX",2018,0
"MEX",2019,0
"BLZ",1981,0
"BLZ",1982,0
"BLZ",1983,0
"BLZ",1984,0
"BLZ",1985,0
"BLZ",1986,0
"BLZ",1987,0
"BLZ",1988,0
"BLZ",1989,0
"BLZ",1990,0
"BLZ",1991,0
"BLZ",1992,0
"BLZ",1993,0
"BLZ",1994,0
"BLZ",1995,0
"BLZ",1996,0
"BLZ",1997,0
"BLZ",1998,0
"BLZ",1999,0
"BLZ",2000,0
"BLZ",2001,0
"BLZ",2002,0
"BLZ",2003,0
"BLZ",2004,0
"BLZ",2005,0
"BLZ",2006,0
"BLZ",2007,0
"BLZ",2008,0
"BLZ",2009,0
"BLZ",2010,0
"BLZ",2011,0
"BLZ",2012,0
"BLZ",2013,0
"BLZ",2014,0
"BLZ",2015,0
"BLZ",2016,0
"BLZ",2017,0
"BLZ",2018,0
"BLZ",2019,0
"GTM",1980,0
"GTM",1981,0
"GTM",1982,2
"GTM",1983,2
"GTM",1984,0
"GTM",1985,0
"GTM",1986,0
"GTM",1987,0
"GTM",1988,1
"GTM",1989,1
"GTM",1990,0
"GTM",1991,0
"GTM",1992,0
"GTM",1993,0
"GTM",1994,0
"GTM",1995,0
"GTM",1996,0
"GTM",1997,0
"GTM",1998,0
"GTM",1999,0
"GTM",2000,0
"GTM",2001,0
"GTM",2002,0
"GTM",2003,0
"GTM",2004,0
"GTM",2005,0
"GTM",2006,0
"GTM",2007,0
"GTM",2008,0
"GTM",2009,0
"GTM",2010,0
"GTM",2011,0
"GTM",2012,0
"GTM",2013,0
"GTM",2014,0
"GTM",2015,0
"GTM",2016,0
"GTM",2017,0
"GTM",2018,0
"GTM",2019,0
"HND",1980,0
"HND",1981,0
"HND",1982,0
"HND",1983,0
"HND",1984,0
"HND",1985,0
"HND",1986,0
"HND",1987,0
"HND",1988,0
"HND",1989,0
"HND",1990,0
"HND",1991,0
"HND",1992,0
"HND",1993,0
"HND",1994,0
"HND",1995,0
"HND",1996,0
"HND",1997,0
"HND",1998,0
"HND",1999,1
"HND",2000,0
"HND",2001,0
"HND",2002,0
"HND",2003,0
"HND",2004,0
"HND",2005,0
"HND",2006,0
"HND",2007,0
"HND",2008,0
"HND",2009,2
"HND",2010,0
"HND",2011,0
"HND",2012,0
"HND",2013,0
"HND",2014,0
"HND",2015,0
"HND",2016,0
"HND",2017,0
"HND",2018,0
"HND",2019,0
"SLV",1980,0
"SLV",1981,0
"SLV",1982,0
"SLV",1983,0
"SLV",1984,0
"SLV",1985,0
"SLV",1986,0
"SLV",1987,0
"SLV",1988,0
"SLV",1989,0
"SLV",1990,0
"SLV",1991,0
"SLV",1992,0
"SLV",1993,0
"SLV",1994,0
"SLV",1995,0
"SLV",1996,0
"SLV",1997,0
"SLV",1998,0
"SLV",1999,0
"SLV",2000,0
"SLV",2001,0
"SLV",2002,0
"SLV",2003,0
"SLV",2004,0
"SLV",2005,0
"SLV",2006,0
"SLV",2007,0
"SLV",2008,0
"SLV",2009,0
"SLV",2010,0
"SLV",2011,0
"SLV",2012,0
"SLV",2013,0
"SLV",2014,0
"SLV",2015,0
"SLV",2016,0
"SLV",2017,0
"SLV",2018,0
"SLV",2019,0
"NIC",1980,0
"NIC",1981,0
"NIC",1982,0
"NIC",1983,0
"NIC",1984,0
"NIC",1985,0
"NIC",1986,0
"NIC",1987,0
"NIC",1988,0
"NIC",1989,0
"NIC",1990,0
"NIC",1991,0
"NIC",1992,0
"NIC",1993,0
"NIC",1994,0
"NIC",1995,0
"NIC",1996,0
"NIC",1997,0
"NIC",1998,0
"NIC",1999,0
"NIC",2000,0
"NIC",2001,0
"NIC",2002,0
"NIC",2003,0
"NIC",2004,0
"NIC",2005,0
"NIC",2006,0
"NIC",2007,0
"NIC",2008,0
"NIC",2009,0
"NIC",2010,0
"NIC",2011,0
"NIC",2012,0
"NIC",2013,0
"NIC",2014,0
"NIC",2015,0
"NIC",2016,0
"NIC",2017,0
"NIC",2018,0
"NIC",2019,0
"CRI",1980,0
"CRI",1981,0
"CRI",1982,0
"CRI",1983,0
"CRI",1984,0
"CRI",1985,0
"CRI",1986,0
"CRI",1987,0
"CRI",1988,0
"CRI",1989,0
"CRI",1990,0
"CRI",1991,0
"CRI",1992,0
"CRI",1993,0
"CRI",1994,0
"CRI",1995,0
"CRI",1996,0
"CRI",1997,0
"CRI",1998,0
"CRI",1999,0
"CRI",2000,0
"CRI",2001,0
"CRI",2002,0
"CRI",2003,0
"CRI",2004,0
"CRI",2005,0
"CRI",2006,0
"CRI",2007,0
"CRI",2008,0
"CRI",2009,0
"CRI",2010,0
"CRI",2011,0
"CRI",2012,0
"CRI",2013,0
"CRI",2014,0
"CRI",2015,0
"CRI",2016,0
"CRI",2017,0
"CRI",2018,0
"CRI",2019,0
"PAN",1980,0
"PAN",1981,0
"PAN",1982,0
"PAN",1983,0
"PAN",1984,0
"PAN",1985,0
"PAN",1986,0
"PAN",1987,0
"PAN",1988,1
"PAN",1989,1
"PAN",1990,0
"PAN",1991,0
"PAN",1992,0
"PAN",1993,0
"PAN",1994,0
"PAN",1995,0
"PAN",1996,0
"PAN",1997,0
"PAN",1998,0
"PAN",1999,0
"PAN",2000,0
"PAN",2001,0
"PAN",2002,0
"PAN",2003,0
"PAN",2004,0
"PAN",2005,0
"PAN",2006,0
"PAN",2007,0
"PAN",2008,0
"PAN",2009,0
"PAN",2010,0
"PAN",2011,0
"PAN",2012,0
"PAN",2013,0
"PAN",2014,0
"PAN",2015,0
"PAN",2016,0
"PAN",2017,0
"PAN",2018,0
"PAN",2019,0
"COL",1980,0
"COL",1981,0
"COL",1982,0
"COL",1983,0
"COL",1984,0
"COL",1985,0
"COL",1986,0
"COL",1987,0
"COL",1988,0
"COL",1989,0
"COL",1990,0
"COL",1991,0
"COL",1992,0
"COL",1993,0
"COL",1994,0
"COL",1995,0
"COL",1996,0
"COL",1997,0
"COL",1998,0
"COL",1999,0
"COL",2000,0
"COL",2001,0
"COL",2002,0
"COL",2003,0
"COL",2004,0
"COL",2005,0
"COL",2006,0
"COL",2007,0
"COL",2008,0
"COL",2009,0
"COL",2010,0
"COL",2011,0
"COL",2012,0
"COL",2013,0
"COL",2014,0
"COL",2015,0
"COL",2016,0
"COL",2017,0
"COL",2018,0
"COL",2019,0
"VEN",1980,0
"VEN",1981,0
"VEN",1982,0
"VEN",1983,0
"VEN",1984,0
"VEN",1985,0
"VEN",1986,0
"VEN",1987,0
"VEN",1988,0
"VEN",1989,0
"VEN",1990,0
"VEN",1991,0
"VEN",1992,2
"VEN",1993,0
"VEN",1994,0
"VEN",1995,0
"VEN",1996,0
"VEN",1997,0
"VEN",1998,0
"VEN",1999,0
"VEN",2000,0
"VEN",2001,0
"VEN",2002,1
"VEN",2003,0
"VEN",2004,0
"VEN",2005,0
"VEN",2006,0
"VEN",2007,0
"VEN",2008,0
"VEN",2009,0
"VEN",2010,0
"VEN",2011,0
"VEN",2012,0
"VEN",2013,0
"VEN",2014,0
"VEN",2015,0
"VEN",2016,0
"VEN",2017,0
"VEN",2018,0
"VEN",2019,0
"GUY",1980,0
"GUY",1981,0
"GUY",1982,0
"GUY",1983,0
"GUY",1984,0
"GUY",1985,0
"GUY",1986,0
"GUY",1987,0
"GUY",1988,0
"GUY",1989,0
"GUY",1990,0
"GUY",1991,0
"GUY",1992,0
"GUY",1993,0
"GUY",1994,0
"GUY",1995,0
"GUY",1996,0
"GUY",1997,0
"GUY",1998,0
"GUY",1999,0
"GUY",2000,0
"GUY",2001,0
"GUY",2002,0
"GUY",2003,0
"GUY",2004,0
"GUY",2005,0
"GUY",2006,0
"GUY",2007,0
"GUY",2008,0
"GUY",2009,0
"GUY",2010,0
"GUY",2011,0
"GUY",2012,0
"GUY",2013,0
"GUY",2014,0
"GUY",2015,0
"GUY",2016,0
"GUY",2017,0
"GUY",2018,0
"GUY",2019,0
"SUR",1980,4
"SUR",1981,0
"SUR",1982,0
"SUR",1983,0
"SUR",1984,0
"SUR",1985,0
"SUR",1986,0
"SUR",1987,0
"SUR",1988,0
"SUR",1989,0
"SUR",1990,0
"SUR",1991,0
"SUR",1992,0
"SUR",1993,0
"SUR",1994,0
"SUR",1995,0
"SUR",1996,0
"SUR",1997,0
"SUR",1998,0
"SUR",1999,0
"SUR",2000,0
"SUR",2001,0
"SUR",2002,0
"SUR",2003,0
"SUR",2004,0
"SUR",2005,0
"SUR",2006,0
"SUR",2007,0
"SUR",2008,0
"SUR",2009,0
"SUR",2010,0
"SUR",2011,0
"SUR",2012,0
"SUR",2013,0
"SUR",2014,0
"SUR",2015,0
"SUR",2016,0
"SUR",2017,0
"SUR",2018,0
"SUR",2019,0
"ECU",1980,0
"ECU",1981,0
"ECU",1982,0
"ECU",1983,0
"ECU",1984,0
"ECU",1985,0
"ECU",1986,1
"ECU",1987,0
"ECU",1988,0
"ECU",1989,0
"ECU",1990,0
"ECU",1991,0
"ECU",1992,0
"ECU",1993,0
"ECU",1994,0
"ECU",1995,0
"ECU",1996,0
"ECU",1997,0
"ECU",1998,0
"ECU",1999,0
"ECU",2000,1
"ECU",2001,0
"ECU",2002,0
"ECU",2003,0
"ECU",2004,0
"ECU",2005,0
"ECU",2006,0
"ECU",2007,0
"ECU",2008,0
"ECU",2009,0
"ECU",2010,0
"ECU",2011,0
"ECU",2012,0
"ECU",2013,0
"ECU",2014,0
"ECU",2015,0
"ECU",2016,0
"ECU",2017,0
"ECU",2018,0
"ECU",2019,0
"PER",1980,0
"PER",1981,0
"PER",1982,0
"PER",1983,0
"PER",1984,0
"PER",1985,0
"PER",1986,0
"PER",1987,0
"PER",1988,0
"PER",1989,0
"PER",1990,0
"PER",1991,0
"PER",1992,1
"PER",1993,0
"PER",1994,0
"PER",1995,0
"PER",1996,0
"PER",1997,0
"PER",1998,0
"PER",1999,0
"PER",2000,1
"PER",2001,0
"PER",2002,0
"PER",2003,0
"PER",2004,0
"PER",2005,0
"PER",2006,0
"PER",2007,0
"PER",2008,0
"PER",2009,0
"PER",2010,0
"PER",2011,0
"PER",2012,0
"PER",2013,0
"PER",2014,0
"PER",2015,0
"PER",2016,0
"PER",2017,0
"PER",2018,0
"PER",2019,0
"BRA",1980,0
"BRA",1981,0
"BRA",1982,0
"BRA",1983,0
"BRA",1984,0
"BRA",1985,0
"BRA",1986,0
"BRA",1987,0
"BRA",1988,0
"BRA",1989,0
"BRA",1990,0
"BRA",1991,0
"BRA",1992,0
"BRA",1993,0
"BRA",1994,0
"BRA",1995,0
"BRA",1996,0
"BRA",1997,0
"BRA",1998,0
"BRA",1999,0
"BRA",2000,0
"BRA",2001,0
"BRA",2002,0
"BRA",2003,0
"BRA",2004,0
"BRA",2005,0
"BRA",2006,0
"BRA",2007,0
"BRA",2008,0
"BRA",2009,0
"BRA",2010,0
"BRA",2011,0
"BRA",2012,0
"BRA",2013,0
"BRA",2014,0
"BRA",2015,0
"BRA",2016,0
"BRA",2017,0
"BRA",2018,0
"BRA",2019,0
"BOL",1980,2
"BOL",1981,5
"BOL",1982,0
"BOL",1983,0
"BOL",1984,1
"BOL",1985,0
"BOL",1986,0
"BOL",1987,0
"BOL",1988,0
"BOL",1989,0
"BOL",1990,0
"BOL",1991,0
"BOL",1992,0
"BOL",1993,0
"BOL",1994,0
"BOL",1995,0
"BOL",1996,0
"BOL",1997,0
"BOL",1998,0
"BOL",1999,0
"BOL",2000,0
"BOL",2001,0
"BOL",2002,0
"BOL",2003,0
"BOL",2004,0
"BOL",2005,0
"BOL",2006,0
"BOL",2007,0
"BOL",2008,0
"BOL",2009,0
"BOL",2010,0
"BOL",2011,0
"BOL",2012,0
"BOL",2013,0
"BOL",2014,0
"BOL",2015,0
"BOL",2016,0
"BOL",2017,0
"BOL",2018,0
"BOL",2019,0
"PRY",1980,0
"PRY",1981,0
"PRY",1982,0
"PRY",1983,0
"PRY",1984,0
"PRY",1985,0
"PRY",1986,0
"PRY",1987,0
"PRY",1988,0
"PRY",1989,2
"PRY",1990,0
"PRY",1991,0
"PRY",1992,0
"PRY",1993,0
"PRY",1994,0
"PRY",1995,0
"PRY",1996,0
"PRY",1997,0
"PRY",1998,0
"PRY",1999,0
"PRY",2000,1
"PRY",2001,0
"PRY",2002,0
"PRY",2003,0
"PRY",2004,0
"PRY",2005,0
"PRY",2006,0
"PRY",2007,0
"PRY",2008,0
"PRY",2009,0
"PRY",2010,0
"PRY",2011,0
"PRY",2012,0
"PRY",2013,0
"PRY",2014,0
"PRY",2015,0
"PRY",2016,0
"PRY",2017,0
"PRY",2018,0
"PRY",2019,0
"CHL",1980,0
"CHL",1981,0
"CHL",1982,0
"CHL",1983,0
"CHL",1984,0
"CHL",1985,0
"CHL",1986,0
"CHL",1987,0
"CHL",1988,0
"CHL",1989,0
"CHL",1990,0
"CHL",1991,0
"CHL",1992,0
"CHL",1993,0
"CHL",1994,0
"CHL",1995,0
"CHL",1996,0
"CHL",1997,0
"CHL",1998,0
"CHL",1999,0
"CHL",2000,0
"CHL",2001,0
"CHL",2002,0
"CHL",2003,0
"CHL",2004,0
"CHL",2005,0
"CHL",2006,0
"CHL",2007,0
"CHL",2008,0
"CHL",2009,0
"CHL",2010,0
"CHL",2011,0
"CHL",2012,0
"CHL",2013,0
"CHL",2014,0
"CHL",2015,0
"CHL",2016,0
"CHL",2017,0
"CHL",2018,0
"CHL",2019,0
"ARG",1980,0
"ARG",1981,0
"ARG",1982,0
"ARG",1983,0
"ARG",1984,0
"ARG",1985,0
"ARG",1986,0
"ARG",1987,0
"ARG",1988,1
"ARG",1989,0
"ARG",1990,0
"ARG",1991,0
"ARG",1992,0
"ARG",1993,0
"ARG",1994,0
"ARG",1995,0
"ARG",1996,0
"ARG",1997,0
"ARG",1998,0
"ARG",1999,0
"ARG",2000,0
"ARG",2001,0
"ARG",2002,0
"ARG",2003,0
"ARG",2004,0
"ARG",2005,0
"ARG",2006,0
"ARG",2007,0
"ARG",2008,0
"ARG",2009,0
"ARG",2010,0
"ARG",2011,0
"ARG",2012,0
"ARG",2013,0
"ARG",2014,0
"ARG",2015,0
"ARG",2016,0
"ARG",2017,0
"ARG",2018,0
"ARG",2019,0
"URY",1980,0
"URY",1981,0
"URY",1982,0
"URY",1983,0
"URY",1984,0
"URY",1985,0
"URY",1986,0
"URY",1987,0
"URY",1988,0
"URY",1989,0
"URY",1990,0
"URY",1991,0
"URY",1992,0
"URY",1993,0
"URY",1994,0
"URY",1995,0
"URY",1996,0
"URY",1997,0
"URY",1998,0
"URY",1999,0
"URY",2000,0
"URY",2001,0
"URY",2002,0
"URY",2003,0
"URY",2004,0
"URY",2005,0
"URY",2006,0
"URY",2007,0
"URY",2008,0
"URY",2009,0
"URY",2010,0
"URY",2011,0
"URY",2012,0
"URY",2013,0
"URY",2014,0
"URY",2015,0
"URY",2016,0
"URY",2017,0
"URY",2018,0
"URY",2019,0
"GBR",1980,0
"GBR",1981,0
"GBR",1982,0
"GBR",1983,0
"GBR",1984,0
"GBR",1985,0
"GBR",1986,0
"GBR",1987,0
"GBR",1988,0
"GBR",1989,0
"GBR",1990,0
"GBR",1991,0
"GBR",1992,0
"GBR",1993,0
"GBR",1994,0
"GBR",1995,0
"GBR",1996,0
"GBR",1997,0
"GBR",1998,0
"GBR",1999,0
"GBR",2000,0
"GBR",2001,0
"GBR",2002,0
"GBR",2003,0
"GBR",2004,0
"GBR",2005,0
"GBR",2006,0
"GBR",2007,0
"GBR",2008,0
"GBR",2009,0
"GBR",2010,0
"GBR",2011,0
"GBR",2012,0
"GBR",2013,0
"GBR",2014,0
"GBR",2015,0
"GBR",2016,0
"GBR",2017,0
"GBR",2018,0
"GBR",2019,0
"IRL",1980,0
"IRL",1981,0
"IRL",1982,0
"IRL",1983,0
"IRL",1984,0
"IRL",1985,0
"IRL",1986,0
"IRL",1987,0
"IRL",1988,0
"IRL",1989,0
"IRL",1990,0
"IRL",1991,0
"IRL",1992,0
"IRL",1993,0
"IRL",1994,0
"IRL",1995,0
"IRL",1996,0
"IRL",1997,0
"IRL",1998,0
"IRL",1999,0
"IRL",2000,0
"IRL",2001,0
"IRL",2002,0
"IRL",2003,0
"IRL",2004,0
"IRL",2005,0
"IRL",2006,0
"IRL",2007,0
"IRL",2008,0
"IRL",2009,0
"IRL",2010,0
"IRL",2011,0
"IRL",2012,0
"IRL",2013,0
"IRL",2014,0
"IRL",2015,0
"IRL",2016,0
"IRL",2017,0
"IRL",2018,0
"IRL",2019,0
"NLD",1980,0
"NLD",1981,0
"NLD",1982,0
"NLD",1983,0
"NLD",1984,0
"NLD",1985,0
"NLD",1986,0
"NLD",1987,0
"NLD",1988,0
"NLD",1989,0
"NLD",1990,0
"NLD",1991,0
"NLD",1992,0
"NLD",1993,0
"NLD",1994,0
"NLD",1995,0
"NLD",1996,0
"NLD",1997,0
"NLD",1998,0
"NLD",1999,0
"NLD",2000,0
"NLD",2001,0
"NLD",2002,0
"NLD",2003,0
"NLD",2004,0
"NLD",2005,0
"NLD",2006,0
"NLD",2007,0
"NLD",2008,0
"NLD",2009,0
"NLD",2010,0
"NLD",2011,0
"NLD",2012,0
"NLD",2013,0
"NLD",2014,0
"NLD",2015,0
"NLD",2016,0
"NLD",2017,0
"NLD",2018,0
"NLD",2019,0
"BEL",1980,0
"BEL",1981,0
"BEL",1982,0
"BEL",1983,0
"BEL",1984,0
"BEL",1985,0
"BEL",1986,0
"BEL",1987,0
"BEL",1988,0
"BEL",1989,0
"BEL",1990,0
"BEL",1991,0
"BEL",1992,0
"BEL",1993,0
"BEL",1994,0
"BEL",1995,0
"BEL",1996,0
"BEL",1997,0
"BEL",1998,0
"BEL",1999,0
"BEL",2000,0
"BEL",2001,0
"BEL",2002,0
"BEL",2003,0
"BEL",2004,0
"BEL",2005,0
"BEL",2006,0
"BEL",2007,0
"BEL",2008,0
"BEL",2009,0
"BEL",2010,0
"BEL",2011,0
"BEL",2012,0
"BEL",2013,0
"BEL",2014,0
"BEL",2015,0
"BEL",2016,0
"BEL",2017,0
"BEL",2018,0
"BEL",2019,0
"LUX",1980,0
"LUX",1981,0
"LUX",1982,0
"LUX",1983,0
"LUX",1984,0
"LUX",1985,0
"LUX",1986,0
"LUX",1987,0
"LUX",1988,0
"LUX",1989,0
"LUX",1990,0
"LUX",1991,0
"LUX",1992,0
"LUX",1993,0
"LUX",1994,0
"LUX",1995,0
"LUX",1996,0
"LUX",1997,0
"LUX",1998,0
"LUX",1999,0
"LUX",2000,0
"LUX",2001,0
"LUX",2002,0
"LUX",2003,0
"LUX",2004,0
"LUX",2005,0
"LUX",2006,0
"LUX",2007,0
"LUX",2008,0
"LUX",2009,0
"LUX",2010,0
"LUX",2011,0
"LUX",2012,0
"LUX",2013,0
"LUX",2014,0
"LUX",2015,0
"LUX",2016,0
"LUX",2017,0
"LUX",2018,0
"LUX",2019,0
"FRA",1980,0
"FRA",1981,0
"FRA",1982,0
"FRA",1983,0
"FRA",1984,0
"FRA",1985,0
"FRA",1986,0
"FRA",1987,0
"FRA",1988,0
"FRA",1989,0
"FRA",1990,0
"FRA",1991,0
"FRA",1992,0
"FRA",1993,0
"FRA",1994,0
"FRA",1995,0
"FRA",1996,0
"FRA",1997,0
"FRA",1998,0
"FRA",1999,0
"FRA",2000,0
"FRA",2001,0
"FRA",2002,0
"FRA",2003,0
"FRA",2004,0
"FRA",2005,0
"FRA",2006,0
"FRA",2007,0
"FRA",2008,0
"FRA",2009,0
"FRA",2010,0
"FRA",2011,0
"FRA",2012,0
"FRA",2013,0
"FRA",2014,0
"FRA",2015,0
"FRA",2016,0
"FRA",2017,0
"FRA",2018,0
"FRA",2019,0
"CHE",1980,0
"CHE",1981,0
"CHE",1982,0
"CHE",1983,0
"CHE",1984,0
"CHE",1985,0
"CHE",1986,0
"CHE",1987,0
"CHE",1988,0
"CHE",1989,0
"CHE",1990,0
"CHE",1991,0
"CHE",1992,0
"CHE",1993,0
"CHE",1994,0
"CHE",1995,0
"CHE",1996,0
"CHE",1997,0
"CHE",1998,0
"CHE",1999,0
"CHE",2000,0
"CHE",2001,0
"CHE",2002,0
"CHE",2003,0
"CHE",2004,0
"CHE",2005,0
"CHE",2006,0
"CHE",2007,0
"CHE",2008,0
"CHE",2009,0
"CHE",2010,0
"CHE",2011,0
"CHE",2012,0
"CHE",2013,0
"CHE",2014,0
"CHE",2015,0
"CHE",2016,0
"CHE",2017,0
"CHE",2018,0
"CHE",2019,0
"ESP",1980,0
"ESP",1981,1
"ESP",1982,0
"ESP",1983,0
"ESP",1984,0
"ESP",1985,0
"ESP",1986,0
"ESP",1987,0
"ESP",1988,0
"ESP",1989,0
"ESP",1990,0
"ESP",1991,0
"ESP",1992,0
"ESP",1993,0
"ESP",1994,0
"ESP",1995,0
"ESP",1996,0
"ESP",1997,0
"ESP",1998,0
"ESP",1999,0
"ESP",2000,0
"ESP",2001,0
"ESP",2002,0
"ESP",2003,0
"ESP",2004,0
"ESP",2005,0
"ESP",2006,0
"ESP",2007,0
"ESP",2008,0
"ESP",2009,0
"ESP",2010,0
"ESP",2011,0
"ESP",2012,0
"ESP",2013,0
"ESP",2014,0
"ESP",2015,0
"ESP",2016,0
"ESP",2017,0
"ESP",2018,0
"ESP",2019,0
"PRT",1980,0
"PRT",1981,0
"PRT",1982,0
"PRT",1983,0
"PRT",1984,0
"PRT",1985,0
"PRT",1986,0
"PRT",1987,0
"PRT",1988,0
"PRT",1989,0
"PRT",1990,0
"PRT",1991,0
"PRT",1992,0
"PRT",1993,0
"PRT",1994,0
"PRT",1995,0
"PRT",1996,0
"PRT",1997,0
"PRT",1998,0
"PRT",1999,0
"PRT",2000,0
"PRT",2001,0
"PRT",2002,0
"PRT",2003,0
"PRT",2004,0
"PRT",2005,0
"PRT",2006,0
"PRT",2007,0
"PRT",2008,0
"PRT",2009,0
"PRT",2010,0
"PRT",2011,0
"PRT",2012,0
"PRT",2013,0
"PRT",2014,0
"PRT",2015,0
"PRT",2016,0
"PRT",2017,0
"PRT",2018,0
"PRT",2019,0
"DEU",1980,0
"DEU",1981,0
"DEU",1982,0
"DEU",1983,0
"DEU",1984,0
"DEU",1985,0
"DEU",1986,0
"DEU",1987,0
"DEU",1988,0
"DEU",1989,0
"DEU",1990,0
"POL",1980,0
"POL",1981,0
"POL",1982,0
"POL",1983,0
"POL",1984,0
"POL",1985,0
"POL",1986,0
"POL",1987,0
"POL",1988,0
"POL",1989,0
"POL",1990,0
"POL",1991,0
"POL",1992,0
"POL",1993,0
"POL",1994,0
"POL",1995,0
"POL",1996,0
"POL",1997,0
"POL",1998,0
"POL",1999,0
"POL",2000,0
"POL",2001,0
"POL",2002,0
"POL",2003,0
"POL",2004,0
"POL",2005,0
"POL",2006,0
"POL",2007,0
"POL",2008,0
"POL",2009,0
"POL",2010,0
"POL",2011,0
"POL",2012,0
"POL",2013,0
"POL",2014,0
"POL",2015,0
"POL",2016,0
"POL",2017,0
"POL",2018,0
"POL",2019,0
"AUT",1980,0
"AUT",1981,0
"AUT",1982,0
"AUT",1983,0
"AUT",1984,0
"AUT",1985,0
"AUT",1986,0
"AUT",1987,0
"AUT",1988,0
"AUT",1989,0
"AUT",1990,0
"AUT",1991,0
"AUT",1992,0
"AUT",1993,0
"AUT",1994,0
"AUT",1995,0
"AUT",1996,0
"AUT",1997,0
"AUT",1998,0
"AUT",1999,0
"AUT",2000,0
"AUT",2001,0
"AUT",2002,0
"AUT",2003,0
"AUT",2004,0
"AUT",2005,0
"AUT",2006,0
"AUT",2007,0
"AUT",2008,0
"AUT",2009,0
"AUT",2010,0
"AUT",2011,0
"AUT",2012,0
"AUT",2013,0
"AUT",2014,0
"AUT",2015,0
"AUT",2016,0
"AUT",2017,0
"AUT",2018,0
"AUT",2019,0
"HUN",1980,0
"HUN",1981,0
"HUN",1982,0
"HUN",1983,0
"HUN",1984,0
"HUN",1985,0
"HUN",1986,0
"HUN",1987,0
"HUN",1988,0
"HUN",1989,0
"HUN",1990,0
"HUN",1991,0
"HUN",1992,0
"HUN",1993,0
"HUN",1994,0
"HUN",1995,0
"HUN",1996,0
"HUN",1997,0
"HUN",1998,0
"HUN",1999,0
"HUN",2000,0
"HUN",2001,0
"HUN",2002,0
"HUN",2003,0
"HUN",2004,0
"HUN",2005,0
"HUN",2006,0
"HUN",2007,0
"HUN",2008,0
"HUN",2009,0
"HUN",2010,0
"HUN",2011,0
"HUN",2012,0
"HUN",2013,0
"HUN",2014,0
"HUN",2015,0
"HUN",2016,0
"HUN",2017,0
"HUN",2018,0
"HUN",2019,0
"CZE",1993,0
"CZE",1994,0
"CZE",1995,0
"CZE",1996,0
"CZE",1997,0
"CZE",1998,0
"CZE",1999,0
"CZE",2000,0
"CZE",2001,0
"CZE",2002,0
"CZE",2003,0
"CZE",2004,0
"CZE",2005,0
"CZE",2006,0
"CZE",2007,0
"CZE",2008,0
"CZE",2009,0
"CZE",2010,0
"CZE",2011,0
"CZE",2012,0
"CZE",2013,0
"CZE",2014,0
"CZE",2015,0
"CZE",2016,0
"CZE",2017,0
"CZE",2018,0
"CZE",2019,0
"SVK",1993,0
"SVK",1994,0
"SVK",1995,0
"SVK",1996,0
"SVK",1997,0
"SVK",1998,0
"SVK",1999,0
"SVK",2000,0
"SVK",2001,0
"SVK",2002,0
"SVK",2003,0
"SVK",2004,0
"SVK",2005,0
"SVK",2006,0
"SVK",2007,0
"SVK",2008,0
"SVK",2009,0
"SVK",2010,0
"SVK",2011,0
"SVK",2012,0
"SVK",2013,0
"SVK",2014,0
"SVK",2015,0
"SVK",2016,0
"SVK",2017,0
"SVK",2018,0
"SVK",2019,0
"ITA",1980,0
"ITA",1981,0
"ITA",1982,0
"ITA",1983,0
"ITA",1984,0
"ITA",1985,0
"ITA",1986,0
"ITA",1987,0
"ITA",1988,0
"ITA",1989,0
"ITA",1990,0
"ITA",1991,0
"ITA",1992,0
"ITA",1993,0
"ITA",1994,0
"ITA",1995,0
"ITA",1996,0
"ITA",1997,0
"ITA",1998,0
"ITA",1999,0
"ITA",2000,0
"ITA",2001,0
"ITA",2002,0
"ITA",2003,0
"ITA",2004,0
"ITA",2005,0
"ITA",2006,0
"ITA",2007,0
"ITA",2008,0
"ITA",2009,0
"ITA",2010,0
"ITA",2011,0
"ITA",2012,0
"ITA",2013,0
"ITA",2014,0
"ITA",2015,0
"ITA",2016,0
"ITA",2017,0
"ITA",2018,0
"ITA",2019,0
"MLT",1980,0
"MLT",1981,0
"MLT",1982,0
"MLT",1983,0
"MLT",1984,0
"MLT",1985,0
"MLT",1986,0
"MLT",1987,0
"MLT",1988,0
"MLT",1989,0
"MLT",1990,0
"MLT",1991,0
"MLT",1992,0
"MLT",1993,0
"MLT",1994,0
"MLT",1995,0
"MLT",1996,0
"MLT",1997,0
"MLT",1998,0
"MLT",1999,0
"MLT",2000,0
"MLT",2001,0
"MLT",2002,0
"MLT",2003,0
"MLT",2004,0
"MLT",2005,0
"MLT",2006,0
"MLT",2007,0
"MLT",2008,0
"MLT",2009,0
"MLT",2010,0
"MLT",2011,0
"MLT",2012,0
"MLT",2013,0
"MLT",2014,0
"MLT",2015,0
"MLT",2016,0
"MLT",2017,0
"MLT",2018,0
"MLT",2019,0
"ALB",1980,0
"ALB",1981,0
"ALB",1982,0
"ALB",1983,0
"ALB",1984,0
"ALB",1985,0
"ALB",1986,0
"ALB",1987,0
"ALB",1988,0
"ALB",1989,0
"ALB",1990,0
"ALB",1991,0
"ALB",1992,0
"ALB",1993,0
"ALB",1994,0
"ALB",1995,0
"ALB",1996,0
"ALB",1997,0
"ALB",1998,0
"ALB",1999,0
"ALB",2000,0
"ALB",2001,0
"ALB",2002,0
"ALB",2003,0
"ALB",2004,0
"ALB",2005,0
"ALB",2006,0
"ALB",2007,0
"ALB",2008,0
"ALB",2009,0
"ALB",2010,0
"ALB",2011,0
"ALB",2012,0
"ALB",2013,0
"ALB",2014,0
"ALB",2015,0
"ALB",2016,0
"ALB",2017,0
"ALB",2018,0
"ALB",2019,0
"MNE",2006,0
"MNE",2007,0
"MNE",2008,0
"MNE",2009,0
"MNE",2010,0
"MNE",2011,0
"MNE",2012,0
"MNE",2013,0
"MNE",2014,0
"MNE",2015,0
"MNE",2016,0
"MNE",2017,0
"MNE",2018,0
"MNE",2019,0
"MKD",1993,0
"MKD",1994,0
"MKD",1995,0
"MKD",1996,0
"MKD",1997,0
"MKD",1998,0
"MKD",1999,0
"MKD",2000,0
"MKD",2001,0
"MKD",2002,0
"MKD",2003,0
"MKD",2004,0
"MKD",2005,0
"MKD",2006,0
"MKD",2007,0
"MKD",2008,0
"MKD",2009,0
"MKD",2010,0
"MKD",2011,0
"MKD",2012,0
"MKD",2013,0
"MKD",2014,0
"MKD",2015,0
"MKD",2016,0
"MKD",2017,0
"MKD",2018,0
"MKD",2019,0
"HRV",1992,0
"HRV",1993,0
"HRV",1994,0
"HRV",1995,0
"HRV",1996,0
"HRV",1997,0
"HRV",1998,0
"HRV",1999,0
"HRV",2000,0
"HRV",2001,0
"HRV",2002,0
"HRV",2003,0
"HRV",2004,0
"HRV",2005,0
"HRV",2006,0
"HRV",2007,0
"HRV",2008,0
"HRV",2009,0
"HRV",2010,0
"HRV",2011,0
"HRV",2012,0
"HRV",2013,0
"HRV",2014,0
"HRV",2015,0
"HRV",2016,0
"HRV",2017,0
"HRV",2018,0
"HRV",2019,0
"BIH",1992,0
"BIH",1993,0
"BIH",1994,0
"BIH",1995,0
"BIH",1996,0
"BIH",1997,0
"BIH",1998,0
"BIH",1999,0
"BIH",2000,0
"BIH",2001,0
"BIH",2002,0
"BIH",2003,0
"BIH",2004,0
"BIH",2005,0
"BIH",2006,0
"BIH",2007,0
"BIH",2008,0
"BIH",2009,0
"BIH",2010,0
"BIH",2011,0
"BIH",2012,0
"BIH",2013,0
"BIH",2014,0
"BIH",2015,0
"BIH",2016,0
"BIH",2017,0
"BIH",2018,0
"BIH",2019,0
"SVN",1992,0
"SVN",1993,0
"SVN",1994,0
"SVN",1995,0
"SVN",1996,0
"SVN",1997,0
"SVN",1998,0
"SVN",1999,0
"SVN",2000,0
"SVN",2001,0
"SVN",2002,0
"SVN",2003,0
"SVN",2004,0
"SVN",2005,0
"SVN",2006,0
"SVN",2007,0
"SVN",2008,0
"SVN",2009,0
"SVN",2010,0
"SVN",2011,0
"SVN",2012,0
"SVN",2013,0
"SVN",2014,0
"SVN",2015,0
"SVN",2016,0
"SVN",2017,0
"SVN",2018,0
"SVN",2019,0
"GRC",1980,0
"GRC",1981,0
"GRC",1982,0
"GRC",1983,0
"GRC",1984,0
"GRC",1985,0
"GRC",1986,0
"GRC",1987,0
"GRC",1988,0
"GRC",1989,0
"GRC",1990,0
"GRC",1991,0
"GRC",1992,0
"GRC",1993,0
"GRC",1994,0
"GRC",1995,0
"GRC",1996,0
"GRC",1997,0
"GRC",1998,0
"GRC",1999,0
"GRC",2000,0
"GRC",2001,0
"GRC",2002,0
"GRC",2003,0
"GRC",2004,0
"GRC",2005,0
"GRC",2006,0
"GRC",2007,0
"GRC",2008,0
"GRC",2009,0
"GRC",2010,0
"GRC",2011,0
"GRC",2012,0
"GRC",2013,0
"GRC",2014,0
"GRC",2015,0
"GRC",2016,0
"GRC",2017,0
"GRC",2018,0
"GRC",2019,0
"CYP",1980,0
"CYP",1981,0
"CYP",1982,0
"CYP",1983,0
"CYP",1984,0
"CYP",1985,0
"CYP",1986,0
"CYP",1987,0
"CYP",1988,0
"CYP",1989,0
"CYP",1990,0
"CYP",1991,0
"CYP",1992,0
"CYP",1993,0
"CYP",1994,0
"CYP",1995,0
"CYP",1996,0
"CYP",1997,0
"CYP",1998,0
"CYP",1999,0
"CYP",2000,0
"CYP",2001,0
"CYP",2002,0
"CYP",2003,0
"CYP",2004,0
"CYP",2005,0
"CYP",2006,0
"CYP",2007,0
"CYP",2008,0
"CYP",2009,0
"CYP",2010,0
"CYP",2011,0
"CYP",2012,0
"CYP",2013,0
"CYP",2014,0
"CYP",2015,0
"CYP",2016,0
"CYP",2017,0
"CYP",2018,0
"CYP",2019,0
"BGR",1980,0
"BGR",1981,0
"BGR",1982,0
"BGR",1983,0
"BGR",1984,0
"BGR",1985,0
"BGR",1986,0
"BGR",1987,0
"BGR",1988,0
"BGR",1989,0
"BGR",1990,0
"BGR",1991,0
"BGR",1992,0
"BGR",1993,0
"BGR",1994,0
"BGR",1995,0
"BGR",1996,0
"BGR",1997,0
"BGR",1998,0
"BGR",1999,0
"BGR",2000,0
"BGR",2001,0
"BGR",2002,0
"BGR",2003,0
"BGR",2004,0
"BGR",2005,0
"BGR",2006,0
"BGR",2007,0
"BGR",2008,0
"BGR",2009,0
"BGR",2010,0
"BGR",2011,0
"BGR",2012,0
"BGR",2013,0
"BGR",2014,0
"BGR",2015,0
"BGR",2016,0
"BGR",2017,0
"BGR",2018,0
"BGR",2019,0
"MDA",1991,0
"MDA",1992,0
"MDA",1993,0
"MDA",1994,0
"MDA",1995,0
"MDA",1996,0
"MDA",1997,0
"MDA",1998,0
"MDA",1999,0
"MDA",2000,0
"MDA",2001,0
"MDA",2002,0
"MDA",2003,0
"MDA",2004,0
"MDA",2005,0
"MDA",2006,0
"MDA",2007,0
"MDA",2008,0
"MDA",2009,0
"MDA",2010,0
"MDA",2011,0
"MDA",2012,0
"MDA",2013,0
"MDA",2014,0
"MDA",2015,0
"MDA",2016,0
"MDA",2017,0
"MDA",2018,0
"MDA",2019,0
"ROU",1980,0
"ROU",1981,0
"ROU",1982,0
"ROU",1983,0
"ROU",1984,0
"ROU",1985,0
"ROU",1986,0
"ROU",1987,0
"ROU",1988,0
"ROU",1989,0
"ROU",1990,0
"ROU",1991,0
"ROU",1992,0
"ROU",1993,0
"ROU",1994,0
"ROU",1995,0
"ROU",1996,0
"ROU",1997,0
"ROU",1998,0
"ROU",1999,0
"ROU",2000,0
"ROU",2001,0
"ROU",2002,0
"ROU",2003,0
"ROU",2004,0
"ROU",2005,0
"ROU",2006,0
"ROU",2007,0
"ROU",2008,0
"ROU",2009,0
"ROU",2010,0
"ROU",2011,0
"ROU",2012,0
"ROU",2013,0
"ROU",2014,0
"ROU",2015,0
"ROU",2016,0
"ROU",2017,0
"ROU",2018,0
"ROU",2019,0
"RUS",1980,0
"RUS",1981,0
"RUS",1982,0
"RUS",1983,0
"RUS",1984,0
"RUS",1985,0
"RUS",1986,0
"RUS",1987,0
"RUS",1988,0
"RUS",1989,0
"RUS",1990,0
"RUS",1991,1
"RUS",1992,0
"RUS",1993,0
"RUS",1994,0
"RUS",1995,0
"RUS",1996,0
"RUS",1997,0
"RUS",1998,0
"RUS",1999,0
"RUS",2000,0
"RUS",2001,0
"RUS",2002,0
"RUS",2003,0
"RUS",2004,0
"RUS",2005,0
"RUS",2006,0
"RUS",2007,0
"RUS",2008,0
"RUS",2009,0
"RUS",2010,0
"RUS",2011,0
"RUS",2012,0
"RUS",2013,0
"RUS",2014,0
"RUS",2015,0
"RUS",2016,0
"RUS",2017,0
"RUS",2018,0
"RUS",2019,0
"EST",1991,0
"EST",1992,0
"EST",1993,0
"EST",1994,0
"EST",1995,0
"EST",1996,0
"EST",1997,0
"EST",1998,0
"EST",1999,0
"EST",2000,0
"EST",2001,0
"EST",2002,0
"EST",2003,0
"EST",2004,0
"EST",2005,0
"EST",2006,0
"EST",2007,0
"EST",2008,0
"EST",2009,0
"EST",2010,0
"EST",2011,0
"EST",2012,0
"EST",2013,0
"EST",2014,0
"EST",2015,0
"EST",2016,0
"EST",2017,0
"EST",2018,0
"EST",2019,0
"LVA",1991,0
"LVA",1992,0
"LVA",1993,0
"LVA",1994,0
"LVA",1995,0
"LVA",1996,0
"LVA",1997,0
"LVA",1998,0
"LVA",1999,0
"LVA",2000,0
"LVA",2001,0
"LVA",2002,0
"LVA",2003,0
"LVA",2004,0
"LVA",2005,0
"LVA",2006,0
"LVA",2007,0
"LVA",2008,0
"LVA",2009,0
"LVA",2010,0
"LVA",2011,0
"LVA",2012,0
"LVA",2013,0
"LVA",2014,0
"LVA",2015,0
"LVA",2016,0
"LVA",2017,0
"LVA",2018,0
"LVA",2019,0
"LTU",1991,0
"LTU",1992,0
"LTU",1993,0
"LTU",1994,0
"LTU",1995,0
"LTU",1996,0
"LTU",1997,0
"LTU",1998,0
"LTU",1999,0
"LTU",2000,0
"LTU",2001,0
"LTU",2002,0
"LTU",2003,0
"LTU",2004,0
"LTU",2005,0
"LTU",2006,0
"LTU",2007,0
"LTU",2008,0
"LTU",2009,0
"LTU",2010,0
"LTU",2011,0
"LTU",2012,0
"LTU",2013,0
"LTU",2014,0
"LTU",2015,0
"LTU",2016,0
"LTU",2017,0
"LTU",2018,0
"LTU",2019,0
"UKR",1991,0
"UKR",1992,0
"UKR",1993,0
"UKR",1994,0
"UKR",1995,0
"UKR",1996,0
"UKR",1997,0
"UKR",1998,0
"UKR",1999,0
"UKR",2000,0
"UKR",2001,0
"UKR",2002,0
"UKR",2003,0
"UKR",2004,0
"UKR",2005,0
"UKR",2006,0
"UKR",2007,0
"UKR",2008,0
"UKR",2009,0
"UKR",2010,0
"UKR",2011,0
"UKR",2012,0
"UKR",2013,0
"UKR",2014,2
"UKR",2015,0
"UKR",2016,0
"UKR",2017,0
"UKR",2018,0
"UKR",2019,0
"BLR",1991,0
"BLR",1992,0
"BLR",1993,0
"BLR",1994,0
"BLR",1995,0
"BLR",1996,0
"BLR",1997,0
"BLR",1998,0
"BLR",1999,0
"BLR",2000,0
"BLR",2001,0
"BLR",2002,0
"BLR",2003,0
"BLR",2004,0
"BLR",2005,0
"BLR",2006,0
"BLR",2007,0
"BLR",2008,0
"BLR",2009,0
"BLR",2010,0
"BLR",2011,0
"BLR",2012,0
"BLR",2013,0
"BLR",2014,0
"BLR",2015,0
"BLR",2016,0
"BLR",2017,0
"BLR",2018,0
"BLR",2019,0
"ARM",1991,0
"ARM",1992,0
"ARM",1993,0
"ARM",1994,0
"ARM",1995,0
"ARM",1996,0
"ARM",1997,0
"ARM",1998,0
"ARM",1999,0
"ARM",2000,0
"ARM",2001,0
"ARM",2002,0
"ARM",2003,0
"ARM",2004,0
"ARM",2005,0
"ARM",2006,0
"ARM",2007,0
"ARM",2008,0
"ARM",2009,0
"ARM",2010,0
"ARM",2011,0
"ARM",2012,0
"ARM",2013,0
"ARM",2014,0
"ARM",2015,0
"ARM",2016,0
"ARM",2017,0
"ARM",2018,0
"ARM",2019,0
"GEO",1991,0
"GEO",1992,0
"GEO",1993,0
"GEO",1994,0
"GEO",1995,0
"GEO",1996,0
"GEO",1997,0
"GEO",1998,0
"GEO",1999,0
"GEO",2000,0
"GEO",2001,0
"GEO",2002,0
"GEO",2003,0
"GEO",2004,0
"GEO",2005,0
"GEO",2006,0
"GEO",2007,0
"GEO",2008,0
"GEO",2009,0
"GEO",2010,0
"GEO",2011,0
"GEO",2012,0
"GEO",2013,0
"GEO",2014,0
"GEO",2015,0
"GEO",2016,0
"GEO",2017,0
"GEO",2018,0
"GEO",2019,0
"AZE",1991,0
"AZE",1992,0
"AZE",1993,0
"AZE",1994,1
"AZE",1995,1
"AZE",1996,0
"AZE",1997,0
"AZE",1998,0
"AZE",1999,0
"AZE",2000,0
"AZE",2001,0
"AZE",2002,0
"AZE",2003,0
"AZE",2004,0
"AZE",2005,0
"AZE",2006,0
"AZE",2007,0
"AZE",2008,0
"AZE",2009,0
"AZE",2010,0
"AZE",2011,0
"AZE",2012,0
"AZE",2013,0
"AZE",2014,0
"AZE",2015,0
"AZE",2016,0
"AZE",2017,0
"AZE",2018,0
"AZE",2019,0
"FIN",1980,0
"FIN",1981,0
"FIN",1982,0
"FIN",1983,0
"FIN",1984,0
"FIN",1985,0
"FIN",1986,0
"FIN",1987,0
"FIN",1988,0
"FIN",1989,0
"FIN",1990,0
"FIN",1991,0
"FIN",1992,0
"FIN",1993,0
"FIN",1994,0
"FIN",1995,0
"FIN",1996,0
"FIN",1997,0
"FIN",1998,0
"FIN",1999,0
"FIN",2000,0
"FIN",2001,0
"FIN",2002,0
"FIN",2003,0
"FIN",2004,0
"FIN",2005,0
"FIN",2006,0
"FIN",2007,0
"FIN",2008,0
"FIN",2009,0
"FIN",2010,0
"FIN",2011,0
"FIN",2012,0
"FIN",2013,0
"FIN",2014,0
"FIN",2015,0
"FIN",2016,0
"FIN",2017,0
"FIN",2018,0
"FIN",2019,0
"SWE",1980,0
"SWE",1981,0
"SWE",1982,0
"SWE",1983,0
"SWE",1984,0
"SWE",1985,0
"SWE",1986,0
"SWE",1987,0
"SWE",1988,0
"SWE",1989,0
"SWE",1990,NA
